Timestamp,Apakah Anda bersedia memberikan jawaban dengan jujur dan mengizinkan data yang Anda isi digunakan untuk penelitian ini? ,"1. Tuliskan salah satu status yang pernah Anda unggah di Facebook. 

(Status bisa berupa kalimat pendek/panjang, kutipan, emotikon, atau apa pun yang menggambarkan suasana hati Anda. Tidak perlu ragu â€” silakan tulis dengan bebas di bawah ini.)
","2.  Menurut Anda, setelah membuat status pada no. 1, status tersebut termasuk ke dalam kategori sentimen apa?

Petunjuk Kategori Sentimen:

Positif: Status yang mengandung perasaan senang, bahagia, bersyukur, optimis, memotivasi, atau memberikan dukungan. Contoh: ""Hari ini aku merasa sangat bahagia dan penuh semangat!""
Negatif: Status yang mengandung perasaan sedih, marah, kecewa, cemas, stres, atau hal-hal bernada pesimis. Contoh: ""Aku merasa sangat lelah dan tidak bersemangat akhir-akhir ini.""
Netral: Status yang bersifat informatif, tidak menunjukkan emosi yang kuat, atau hanya menyampaikan fakta tanpa muatan perasaan tertentu. Contoh: ""Hari ini aku mengikuti kuliah dari jam 8 pagi sampai jam 3 sore.""
âš ï¸ Harap baca dan pahami petunjuk di atas sebelum memilih kategori di bawah. Pilihlah kategori sentimen yang paling sesuai dengan isi status yang Anda buat pada no. 1 sebelumnya.",1. Berapa Usia Anda?,2. Jenis Kelamin Anda?
08/06/2025 21:29:48,"Ya, saya bersedia.",Apaan ini personal bgt,Negatif,17,Laki - laki
08/06/2025 21:30:00,"Ya, saya bersedia.","Status hasil menggambar, status sedang ngopi atau sedang nyantay",Netral,21,Laki - laki
08/06/2025 21:39:41,"Ya, saya bersedia.",Saya tidak pernah unggah status di FB,Negatif,18,Perempuan
08/06/2025 21:40:01,"Ya, saya bersedia.","Aku tidak pernah tau usaha apa yang akan menaikan derjatku,tapi aku percaya tuhan akan memberi kesempatan itu padaku",Negatif,28,Laki - laki
08/06/2025 21:43:10,"Ya, saya bersedia.",Vip888-Auto JPğŸ¤§ğŸ‰ğŸ‰,Negatif,18,Laki - laki
08/06/2025 21:45:13,"Ya, saya bersedia.",Ganyang fufufafa!!! ğŸ˜ˆ,Negatif,20,Perempuan
08/06/2025 21:47:24,"Ya, saya bersedia.",Koboy facebook menyerang ğŸ¤¢,Negatif,20,Laki - laki
08/06/2025 21:51:25,"Ya, saya bersedia.","Teruntuk kalian yang sudah umur 20an, ada saran gak buat kami yang umur 17/18 biar gak nyesel di umur 20anğŸ™‡",Negatif,17,Laki - laki
08/06/2025 22:15:03,"Ya, saya bersedia.",Pengertian tentang cinta,Netral,25,Laki - laki
08/06/2025 22:30:27,"Ya, saya bersedia.",Gini amat ya kalau udah kerja susah banget dapet pasangan ğŸ¤£ğŸ¤£,Negatif,23,Laki - laki
08/06/2025 22:36:44,"Ya, saya bersedia.",The real cari masalah ğŸ¤£,Negatif,26,Laki - laki
08/06/2025 23:02:06,"Ya, saya bersedia.",Tidak pernah,Negatif,28,Laki - laki
08/06/2025 23:46:58,"Ya, saya bersedia.",Merasa senang karena memiliki temam-teman sekelas yang baik,Positif,25 tahun,Perempuan
09/06/2025 0:09:21,"Ya, saya bersedia.","hargailah hal sekecil apapun, karna kamu akan menyesal apabila telat menghargai",Positif,22,Laki - laki
09/06/2025 0:53:03,"Ya, saya bersedia.",Bagiin momen indah sama keluarga & send quotes yang related dengan keadaan ,Positif,21,Perempuan
09/06/2025 5:44:49,"Ya, saya bersedia.",emotikon,Netral,25 tahun,Perempuan
09/06/2025 7:07:21,"Ya, saya bersedia.","""Tuntutlah ilmu sejak dari buaian (ketika masih bayi) hingga liang lahat (sampai meninggal dunia).""",Positif,37,Laki - laki
09/06/2025 16:40:18,"Ya, saya bersedia.",Konten,Netral,20,Laki - laki
09/06/2025 17:33:36,"Ya, saya bersedia.",Suasana di pantaiii,Netral,21 tahun,Perempuan
09/06/2025 17:35:21,"Ya, saya bersedia.",Stalking my posts won't tell you anything. Because my accountÂ isÂ useless,Negatif,22,Perempuan
09/06/2025 17:43:41,"Ya, saya bersedia.",Tidak ada ,Negatif,18,Tidak ingin menyebutkan
09/06/2025 17:44:15,"Ya, saya bersedia.",Pusing,Negatif,21 menjelang 22 ,Laki - laki
09/06/2025 17:49:29,"Ya, saya bersedia.",Lebih sering share postingan yang lucu atau pun relate dan posting foto kenangan dengan pasangan,Positif,19thn,Perempuan
09/06/2025 17:50:26,"Ya, saya bersedia.",membuat kata kata bijak ,Positif,19,Perempuan
09/06/2025 17:56:16,"Ya, saya bersedia.",ğŸ’¤ğŸƒğŸ‘ğŸ¢ğŸ¤ğŸ¼ğŸ¦“,Netral,19,Laki - laki
09/06/2025 17:57:55,"Ya, saya bersedia.","Mau seberapa jauh kamu berusaha, kalo dia gak mau berubah, semuanya sia-sia",Negatif,22,Perempuan
09/06/2025 18:01:40,"Ya, saya bersedia.",Share postingan yang sesuai dengan suasana hati seperti senang dan sedih,Netral,19,Perempuan
09/06/2025 18:03:58,"Ya, saya bersedia.",Kangquen kamoe,Netral,26 tahun,Laki - laki
09/06/2025 18:06:42,"Ya, saya bersedia.",Someone please hold my tears:),Negatif,22,Perempuan
09/06/2025 18:07:28,"Ya, saya bersedia.",ğŸ™‚,Negatif,22,Perempuan
09/06/2025 18:12:53,"Ya, saya bersedia.","Hidup adalah berkah, maka jalani dan nikmati",Positif,20,Laki - laki
09/06/2025 18:17:06,"Ya, saya bersedia.",https://www.facebook.com/share/p/1EjyXj8bEg/,Netral,27,Laki - laki
09/06/2025 18:17:47,"Ya, saya bersedia.",ğŸ¥°ğŸ¥°ğŸ¥°,Positif,22,Perempuan
09/06/2025 18:18:19,"Ya, saya bersedia.",Bahagia ,Positif,23,Perempuan
09/06/2025 18:19:22,"Ya, saya bersedia.","Postingan terakhir Facebook saya adalah kalimat:

Without syntax, language is just words.
Parsing gives structure to meaning.

 Ini adalah motivasi untuk diri Saya. Dalam teori bermakna Tanpa sintak bahasa hanya kalimat. Maka dibutuhkan Parsing sebagai penyempurna kalimat supaya mudah dimengerti. Tapi bagi kalimat ini bermakna apa yang kamu lakukan hanyalah usaha agar bergerak alias buang buang tenaga. Tanpa tujuan dan visi misi yang jelas itu tidak berarti. Artinya (Berhubung saya sedang skripsian) Saya harus lebih semangat mengerjakan skripsi Saya jangan asal mengerjakan. Semua harus terstruktur dengan tujuan, visi misi projek skripsi yang selain untuk lulus itu juga bisa berguna dan jelas. ",Positif,24,Perempuan
09/06/2025 18:19:54,"Ya, saya bersedia.",Tidak pernah ,Negatif,20,Laki - laki
09/06/2025 18:22:23,"Ya, saya bersedia.",Gambar saya sendiri tidak pake kalimat,Netral,22,Perempuan
09/06/2025 18:25:26,"Ya, saya bersedia.",Bahagia ,Positif,25,Laki - laki
09/06/2025 18:26:06,"Ya, saya bersedia.","Sedih
",Negatif,22,Perempuan
09/06/2025 18:28:16,"Ya, saya bersedia.",Sepi..ğŸ˜“,Negatif,24,Perempuan
09/06/2025 18:30:49,"Ya, saya bersedia.",Bahagia,Positif,23,Laki - laki
09/06/2025 18:31:48,"Ya, saya bersedia.",tft :*,Positif,22,Perempuan
09/06/2025 18:32:03,"Ya, saya bersedia.","Gak pernah bikin status postingan di fb secara text, ",Netral,22,Laki - laki
09/06/2025 18:34:56,"Ya, saya bersedia.",status kata kata aja lupa soalnya udh gaada fb,Negatif,22,Perempuan
09/06/2025 18:49:09,"Ya, saya bersedia.",â˜ºï¸,Positif,21,Perempuan
09/06/2025 18:51:10,"Ya, saya bersedia.","Aku Rindu â¤ğŸ˜¥
Hampir 3 semester kita lalui, saling bertegur sapa hanya lewat pesan WAğŸ˜¥
Waktu berlalu begitu cepat, tanpa banyak cerita bersama yang kita dapat ğŸ˜¥ Kelas 12 yang identik dengan masa masa kebersamaan, masa masa mengukir kenangan, kita lalui begitu saja.",Negatif,22,Perempuan
09/06/2025 18:55:39,"Ya, saya bersedia.",Aku cinta kamu,Positif,22tahun,Laki - laki
09/06/2025 18:56:36,"Ya, saya bersedia.",Foto menggambarkan kesehatan berolahraga ,Netral,43,Laki - laki
09/06/2025 19:01:16,"Ya, saya bersedia.",Selamat pagi semua,Netral,31,Perempuan
09/06/2025 19:05:05,"Ya, saya bersedia.","Hidup bukan tentang siapa yang tercepat, tapi siapa yang paling konsisten melangkah",Positif,21,Perempuan
09/06/2025 19:05:35,"Ya, saya bersedia.",Selamat hari raya idul fitri ,Netral,22,Perempuan
09/06/2025 19:06:05,"Ya, saya bersedia.",Kenapa kehidupan itu mimpi,Negatif,22,Laki - laki
09/06/2025 19:18:25,"Ya, saya bersedia.","Tidak membuat status di Facebook , terakhir buat status buat simpan foto ",Netral,24,Laki - laki
09/06/2025 19:32:26,"Ya, saya bersedia.","We cannot choose how we are born, but we can choose how our life journey will be. ",Positif,25,Laki - laki
09/06/2025 19:39:31,"Ya, saya bersedia.","Sangt snang ketika aku mndpt sesuatu apresiasi,, mski itu skalipun sderhna",Positif,22,Perempuan
09/06/2025 19:49:29,"Ya, saya bersedia.","Attitude bukan tentang lebih tua atau lebih muda, tapi memanusiakan manusia.
untuk dihargai juga harus menghargai manusia lainnya.
berperilaku lah seperti mana ingin diperlakukan.
Kita semua punya batas, entah itu batas sabar, wajar, ataupun sadar. karna ngga semua orang bisa terus terusan memaklumi hal yang sama berulang kali.
Yang susah itu intropeksi.
yang paling mudah itu menghakimi.
tapi yang harus tetap dijaga adalah sadar diri dan harga diri.
bersikap menghargai dan tidak melukai. menjaga etika rasa dan etika bahasa.
Padahal,
empati itu bukan soal setuju. bukan soal menyamakan nilai hidup. empati, barangkali
saat kita mau coba bertanya:
""Bagaimana jika aku ada diposisinya",Negatif,25,Laki - laki
09/06/2025 19:55:45,"Ya, saya bersedia.","Cukupi wacana, jalanin aja ",Netral,45,Laki - laki
09/06/2025 20:02:49,"Ya, saya bersedia.","Alam merupakan guru terbaik, karena setiap adegan petualangan pasti akan mengajarkan ilmu yang sangat berharga untuk kita.",Positif,,Laki - laki
09/06/2025 20:05:58,"Ya, saya bersedia.",ğŸ˜Š,Positif,23,Perempuan
09/06/2025 20:09:32,"Ya, saya bersedia.",ğŸ˜Š,Positif,36,Laki - laki
09/06/2025 20:19:28,"Ya, saya bersedia.","when given the choice between right or being kind, choose kind",Positif,22,Perempuan
09/06/2025 20:25:59,"Ya, saya bersedia.",teman rasa pacar ,Netral,25,Laki - laki
09/06/2025 20:29:28,"Ya, saya bersedia.",Happy Graduation ,Positif,23,Laki - laki
09/06/2025 20:33:27,"Ya, saya bersedia.",foto selfie,Netral,23,Perempuan
09/06/2025 20:48:00,"Ya, saya bersedia.",p dimana anes kadinya,Netral,24,Laki - laki
09/06/2025 20:48:27,"Ya, saya bersedia.",Penuh Bahagia,Positif,21,Laki - laki
09/06/2025 20:49:24,"Ya, saya bersedia.",bucin,Netral,20,Perempuan
09/06/2025 20:53:16,"Ya, saya bersedia.","Semua status  pernah saya unggah,waktu saya masih duduk di bangku SMP,setelah itu saya sudah jarang mengunakan Facebook lagi ",Netral,21 thn,Perempuan
09/06/2025 20:54:08,"Ya, saya bersedia.","Dengan seni hidup menjadi indah, dengan agama hidup menjadi terarah, dan dengan akhlak hidup menjadi berkah",Positif,22 tahun,Perempuan
09/06/2025 21:01:20,"Ya, saya bersedia.",tidak ada,Negatif,20,Laki - laki
09/06/2025 21:04:00,"Ya, saya bersedia.",Hari ini saya merasa stress,Negatif,22,Perempuan
09/06/2025 21:09:58,"Ya, saya bersedia.","Status yang saya gunakan biasanya buat meme, suasana lebih ke bahagia",Positif,21,Laki - laki
09/06/2025 21:13:35,"Ya, saya bersedia.",COD pod,Netral,22,Laki - laki
09/06/2025 21:19:48,"Ya, saya bersedia.",Bahagia,Positif,24,Laki - laki
09/06/2025 21:20:17,"Ya, saya bersedia.",ke binjas bersama teman ,Netral,20,Perempuan
09/06/2025 21:30:30,"Ya, saya bersedia.",Bahagia,Positif,22,Perempuan
09/06/2025 21:40:22,"Ya, saya bersedia.","Jshsuhs
",Negatif,58,Tidak ingin menyebutkan
09/06/2025 21:40:37,"Ya, saya bersedia.",cekrek lagi mau ngaji,Netral,22,Laki - laki
09/06/2025 21:43:32,"Ya, saya bersedia.","Tetap dukung bakatnya, Setidaknya beliau sudah berusaha membuat malu keluarganya",Negatif,19,Laki - laki
09/06/2025 21:48:14,"Ya, saya bersedia.","Jika turun hujan
Cobalah untuk keluar ruangan...
Hitung dan rasakan
Titik air hujan yang turun dari langit.
Sebanyak itulah aku bersyukur memiliki sahabat seperti kalian.",Positif,22,Perempuan
09/06/2025 21:50:06,"Ya, saya bersedia.",Bahagia,Positif,20,Laki - laki
09/06/2025 22:37:35,"Ya, saya bersedia.",Malam minggu duduk aja d depan teras rumah,Netral,22,Perempuan
10/06/2025 0:11:37,"Ya, saya bersedia.",Sering membuat meme timpa posting atau membuat meme itu sendiri,Netral,20,Laki - laki
10/06/2025 1:33:00,"Ya, saya bersedia.","Aku kaya cape ajah ko idup aku gini gini ajah ngga ada perubahan

Kan kamu tau sendiri aku mah ngga bisa bantu apa apa",Negatif,24,Laki - laki
10/06/2025 5:05:27,"Ya, saya bersedia.","""talent is nothing without hardwork.""",Positif,22,Laki - laki
10/06/2025 6:06:55,"Ya, saya bersedia.",Hidup itu bergantung pada moral masyarakat.,Positif,17,Laki - laki
10/06/2025 7:49:48,"Ya, saya bersedia.",Saya pernah membuat status di facebook tentang perasaan yang sedang saya rasakan. Saya juga pernah membuat status dan menganggap foto saat liburan.,Netral,21,Perempuan
10/06/2025 8:05:40,"Ya, saya bersedia.",Saya pernah memposting kebersamaan ketika suasana lebaran idul Fitri dan idul Adha ,Positif,22,Perempuan
10/06/2025 8:08:28,"Ya, saya bersedia.",Persib harga mati,Netral,25,Laki - laki
10/06/2025 8:31:24,"Ya, saya bersedia.",ğŸ¤§ğŸ™‚,Negatif,,Perempuan
10/06/2025 8:55:34,"Ya, saya bersedia.",Never give up,Positif,23,Laki - laki
10/06/2025 9:08:25,"Ya, saya bersedia.",Penjualan ,Netral,22,Laki - laki
10/06/2025 9:50:45,"Ya, saya bersedia.",pernah menulis bahagia ,Positif,21 tahun,Perempuan
10/06/2025 10:07:30,"Ya, saya bersedia.",ğŸ™‚,Negatif,20,Perempuan
10/06/2025 10:28:09,"Ya, saya bersedia.","""Banyak yang singgah, namun sulit memastikan yang sungguh""",Negatif,22,Perempuan
10/06/2025 10:35:57,"Ya, saya bersedia.",you got nowhere to run,Negatif,20 Tahun,Laki - laki
10/06/2025 10:53:47,"Ya, saya bersedia.","1 Mei 2025 â€” Untuk Mereka yang Tak Pernah Berhenti Berjuang

Hari ini adalah pengingat bahwa kerja bukan sekadar kewajibanâ€”ia adalah bentuk keberanian, pengorbanan, dan cinta diam-diam kepada hidup.

Namun keberanian itu tak boleh terus-menerus ditukar dengan ketidakadilan.
Kasih sayang tidak berarti membiarkan diri ditindas.
Dan cinta damai bukan alasan untuk membisu di hadapan ketimpangan.

Buruh bukan alat. Mereka adalah manusia.
Manusia yang pantas diperlakukan dengan adil, didengar, dan dihargai.

Jika dunia tak berubah, maka biarlah kita yang menggerakkannya.
Bukan dengan amarah yang membakar segalanya,
tapi dengan kekuatan yang lahir dari niat tulus:
melindungi, membebaskan, dan menghidupkan kembali martabat manusia.

Selamat Hari Buruh.
Untuk semua yang memilih tetap baikâ€”meski dunia kerap tak adil.

#mayday #hariburuhsedunia #hariburuh2025",Positif,19 Tahun,Laki - laki
10/06/2025 11:58:28,"Ya, saya bersedia.","Gabut cuy, infokan mabar ",Netral,22,Laki - laki
10/06/2025 11:59:47,"Ya, saya bersedia.",ungga foto no caption,Netral,21,Laki - laki
10/06/2025 12:08:42,"Ya, saya bersedia.","Kadang lelah bukan karena pekerjaan, tapi karena hati yang terus berusaha kuatğŸ˜”
",Negatif,22,Laki - laki
10/06/2025 12:37:02,"Ya, saya bersedia.",Kapan nyusul...???,Netral,24,Laki - laki
10/06/2025 12:49:47,"Ya, saya bersedia.",Status barcelona menang telak lawan real madrid ,Netral,23,Laki - laki
10/06/2025 13:06:23,"Ya, saya bersedia.","Bade sate ayam, sate kambing, atanapi saterasna sareng abiğŸ™‚",Netral,21,Perempuan
10/06/2025 13:39:44,"Ya, saya bersedia.",bahagia,Positif,18,Laki - laki
10/06/2025 13:49:28,"Ya, saya bersedia.","Keberkahan ilmu bukan diukur dari seberapa lama kamu berada di pondok
Melainkan seberapa besar cintamu terhadap guru",Positif,21,Perempuan
10/06/2025 14:55:12,"Ya, saya bersedia.",tidak pernah punya facebook,Negatif,22,Perempuan
10/06/2025 14:57:01,Tidak.,,,,
10/06/2025 16:17:27,"Ya, saya bersedia.",Diumur segini kalo gak enak badan malah plis jangan drop dulu ,Negatif,23,Perempuan
10/06/2025 16:45:03,"Ya, saya bersedia.",Tidak main facebook,Negatif,21,Tidak ingin menyebutkan
10/06/2025 19:59:51,"Ya, saya bersedia.","paling tentang fast and furious saja, yang kehilangan temannya ",Negatif,20,Perempuan
10/06/2025 21:40:03,"Ya, saya bersedia.",Jangan lupa bersyukur untuk hari ini,Positif,22,Perempuan
11/06/2025 8:19:45,"Ya, saya bersedia.",yep,Netral,yop,Laki - laki
11/06/2025 9:39:03,"Ya, saya bersedia.",ğŸ’¦,Netral,31,Tidak ingin menyebutkan
11/06/2025 11:21:42,"Ya, saya bersedia.","Tidak pernah buat status ,only for buy something ",Negatif,25,Laki - laki
11/06/2025 11:48:52,"Ya, saya bersedia.",Be yourself,Positif,24,Perempuan
11/06/2025 16:28:21,"Ya, saya bersedia.",main dulu kita,Netral,22,Laki - laki
12/06/2025 9:14:53,"Ya, saya bersedia.","Aku senang menulis sesuatu, seperti menulis puisi ataupun cerita",Positif,22,Perempuan
12/06/2025 9:42:55,"Ya, saya bersedia.",Kadang aku sering bingung :(,Negatif,23,Perempuan
12/06/2025 19:29:01,"Ya, saya bersedia.",paling foto,Netral,22,Perempuan
12/06/2025 20:23:58,"Ya, saya bersedia.",ğŸŒ»,Positif,22,Perempuan
12/06/2025 20:32:12,"Ya, saya bersedia.",Blm pernah,Netral,23,Perempuan
12/06/2025 20:34:07,"Ya, saya bersedia.",semua orang menyebalkan! i hate everyone!,Negatif,17,Laki - laki
12/06/2025 21:08:18,"Ya, saya bersedia.",:),Negatif,22,Perempuan
12/06/2025 22:03:08,"Ya, saya bersedia.","Open bom like 
Open pm
Open bl 
Adm nih bos artis dunia maya",Netral,25,Laki - laki
13/06/2025 0:00:14,"Ya, saya bersedia.",Penuh dengan rasaa bersyukur,Positif,20,Perempuan
13/06/2025 8:38:06,"Ya, saya bersedia.",otw pondok ,Netral,23,Perempuan
13/06/2025 13:42:12,"Ya, saya bersedia.","""Hari yang bahagia yang penuh cerita""",Positif,23,Perempuan
18/06/2025 23:48:46,"Ya, saya bersedia.","Aku sangat bahagia sekali, kadang hal-hal kecil bisa membuat aku tertawa lepas",Positif,19,Perempuan
19/06/2025 0:10:40,"Ya, saya bersedia.",Hallo ğŸ™ŒğŸ»,Netral,18,Laki - laki
19/06/2025 0:13:35,"Ya, saya bersedia.",Di setiap usaha pasti ada hasil ,Positif,22,Laki - laki
19/06/2025 0:15:07,"Ya, saya bersedia.",Cape aja gtu,Negatif,26,Laki - laki
19/06/2025 0:16:39,"Ya, saya bersedia.",Sangat optimisasiğŸ¤£,Positif,20,Perempuan
19/06/2025 0:18:06,"Ya, saya bersedia.",Berkaryalah tanpa batas!!!!,Positif,21,Laki - laki
19/06/2025 0:19:18,"Ya, saya bersedia.","Kalo sepi posting lagih
Gagal coba lagih. 
Karna yang sukses ituh pasti berawal dari ke ggalan. 
Selamat malam besti ku. ğŸ˜Š",Positif,25,Laki - laki
19/06/2025 0:26:55,"Ya, saya bersedia.",Laki laki tidak bercerita,Netral,26,Laki - laki
19/06/2025 0:27:59,"Ya, saya bersedia.",BismilahhhhğŸ’ªğŸ»ğŸ’ªğŸ»ğŸ’ªğŸ»,Positif,24,Laki - laki
19/06/2025 0:30:03,"Ya, saya bersedia.","Beda generasi, satu frekuensi",Positif,28,Perempuan
19/06/2025 0:31:48,"Ya, saya bersedia.",smoga dri lelah perjuangan ku ini ada hasil nyağŸ’ª,Positif,35,Laki - laki
19/06/2025 0:32:43,"Ya, saya bersedia.","semua butuh doa selebihnya biar allah yang jamin 

#shanjaydms
#fypseindonesia
#sorotansemuaorang",Positif,24,Laki - laki
19/06/2025 0:34:04,"Ya, saya bersedia.",info freelance yg amanah,Netral,20,Laki - laki
19/06/2025 0:45:20,"Ya, saya bersedia.",Ronaldo tidak seperti Messi ğŸ˜­,Negatif,21,Laki - laki
19/06/2025 0:51:29,"Ya, saya bersedia.","Semakin kesini semakin akrab sama kata-kata sabar, jalanin aja, wios tenanaon.",Positif,24,Laki - laki
19/06/2025 0:53:05,"Ya, saya bersedia.","Udh ke buronan bank tiap hari ada ajj yg telp ini nomor udh gk aman ğŸ˜’ ganggu tiap hari kalo tlp buat transfer duit si boleh"" ajj yg gk pnting bgini geraaaahhhhhğŸ¤­ğŸ¤­",Negatif,19,Perempuan
19/06/2025 0:54:03,"Ya, saya bersedia.","Sebenarnya aku juga bisa sepertimu, tapi aku tidak setega kamu.",Negatif,23,Laki - laki
19/06/2025 0:55:01,"Ya, saya bersedia.","Manusia selalu menginginkan yang terbaik, tetapi lupa untuk menjadi baik.",Negatif,25,Laki - laki
19/06/2025 0:56:04,"Ya, saya bersedia.","5 kata untuk diriku sekarang, sabar, ikhlas, berdoa, kuat, semangat.ğŸŒ»",Positif,21,Laki - laki
19/06/2025 0:56:55,"Ya, saya bersedia.","Mulai sekarang harus ingatkan ke diri sendiri untuk jangan bereksprektasi terlalu tinggi terhadap apapun dan siapapun, ingat manusia itu sumber kecewa dan berubah tiba-tiba.",Negatif,24,Laki - laki
19/06/2025 0:58:01,"Ya, saya bersedia.",Ohh malam minggu.,Netral,19,Laki - laki
19/06/2025 0:59:07,"Ya, saya bersedia.","berprasangka baiklah, kepada semua orang, tapi jangan kau sangka semua orang itu baik..",Negatif,21,Laki - laki
19/06/2025 1:00:06,"Ya, saya bersedia.",Pertemuan adalah ngopi yaww,Netral,19,Laki - laki
19/06/2025 1:01:51,"Ya, saya bersedia.",Ya allah cocoba hiji demi hiji gusti nu agungğŸ˜­ğŸ˜­ğŸ˜­,Negatif,22,Perempuan
19/06/2025 1:04:03,"Ya, saya bersedia.","Bangun pagi masih di beri nafas dan kesehatan ,
Itulah Rezeki yang tak ternilai...

#fyp #viral",Positif,24,Laki - laki
19/06/2025 2:33:35,"Ya, saya bersedia.","""Bismillah ruangan 19""",Netral,22,Laki - laki
19/06/2025 10:26:43,"Ya, saya bersedia.",ğŸ˜,Positif,25,Perempuan
19/06/2025 11:19:54,"Ya, saya bersedia.",Pagi yang cerah sangat indah,Positif,24,Perempuan
22/06/2025 5:56:02,"Ya, saya bersedia.",Napoleon Bonaparte sebuah contoh pemimpin yang genius dan berani,Positif,22,Laki - laki
22/06/2025 14:38:01,"Ya, saya bersedia.",Jangan lupaa bahagia ,Positif,22,Laki - laki
25/06/2025 16:16:36,"Ya, saya bersedia.","Kebanyakan sii membagikan momen tanpa caption, dan itu identik dengan momen positif, tapi pernah juga upload tentang rasa insecure nya aku dan introvert nya aku",Netral,22,Perempuan
27/06/2025 18:35:18,"Ya, saya bersedia.",Kadang-kadang hidup just kidding,Netral,22,Perempuan
28/06/2025 7:14:16,"Ya, saya bersedia.",Aku seneng banget ketemu mamağŸ¤—,Positif,22,Perempuan
28/06/2025 7:18:03,"Ya, saya bersedia.",Aku merasa sedih aja gtu dan lelah dengan semuanyağŸ¥²ğŸ¥²,Negatif,18,Perempuan
28/06/2025 7:19:00,"Ya, saya bersedia.",Hari ini aku tidak bersemangat dan merasa penuh tekanan,Negatif,23,Laki - laki
28/06/2025 7:20:02,"Ya, saya bersedia.","Sejujurnya, aku merasa sedih dan lelah dengan hidup iniğŸ™‚",Negatif,19,Laki - laki
28/06/2025 7:21:35,"Ya, saya bersedia.",SedihğŸ¥ºğŸ˜­,Negatif,20,Perempuan
28/06/2025 7:23:19,"Ya, saya bersedia.",Kadang suka pengen marah kalo dket sama anak kecilğŸ¤¬,Negatif,20,Perempuan
28/06/2025 7:26:16,"Ya, saya bersedia.",Kcewa aja sma orng yg prnah kita tlong pas kita susah mlah gkk ada sma skali mau ngbantu kita,Negatif,22,Perempuan
28/06/2025 7:27:18,"Ya, saya bersedia.",SakitğŸ¤’,Negatif,24,Perempuan
28/06/2025 7:28:22,"Ya, saya bersedia.",Hampaaaa!!!!!,Negatif,26,Perempuan
28/06/2025 7:29:26,"Ya, saya bersedia.",TakutğŸ¥ºğŸ¥º,Negatif,22,Laki - laki
28/06/2025 7:31:25,"Ya, saya bersedia.",Gak kuat rasanya pngen nangis aja setiap hariğŸ˜­ğŸ˜­ğŸ˜­,Negatif,18,Laki - laki
28/06/2025 7:32:25,"Ya, saya bersedia.",SendirianğŸ™‚,Negatif,19,Laki - laki
28/06/2025 7:33:14,"Ya, saya bersedia.",Sendiri :(,Negatif,22,Laki - laki
28/06/2025 7:34:38,"Ya, saya bersedia.","Yg aku rasakan setiap hari sedih, marah, kecewa, lelah, gelisah, sakit, hampa, takut, menangis, sendiriğŸ™‚",Negatif,20,Perempuan
28/06/2025 7:35:51,"Ya, saya bersedia.",tidak bersemangat,Negatif,20,Laki - laki
28/06/2025 7:36:49,"Ya, saya bersedia.",merasa sedih ,Negatif,23,Laki - laki
28/06/2025 7:37:36,"Ya, saya bersedia.",sangat kecewa,Negatif,22,Perempuan
28/06/2025 7:38:22,"Ya, saya bersedia.",lelah batin  ,Negatif,23,Perempuan
28/06/2025 7:39:03,"Ya, saya bersedia.",penuh tekanan,Negatif,20,Laki - laki
28/06/2025 7:39:54,"Ya, saya bersedia.",sendiri terus,Negatif,25,Laki - laki
28/06/2025 7:41:25,"Ya, saya bersedia.",sakittt hati,Negatif,20,Laki - laki
28/06/2025 7:42:06,"Ya, saya bersedia.",patah semangat,Negatif,27,Laki - laki
28/06/2025 7:43:04,"Ya, saya bersedia.",tak berguna,Negatif,21,Perempuan
28/06/2025 7:43:41,"Ya, saya bersedia.",tidak kuat,Negatif,20,Laki - laki
28/06/2025 7:44:52,"Ya, saya bersedia.",aku merasa sedih,Negatif,20,Laki - laki
28/06/2025 7:45:30,"Ya, saya bersedia.",tidak ada harapan  ,Negatif,23,Laki - laki
28/06/2025 7:46:20,"Ya, saya bersedia.",semuanya terasa hampa ,Negatif,24,Laki - laki
28/06/2025 7:47:17,"Ya, saya bersedia.",Lelah dengan hidup  ,Negatif,20,Laki - laki
28/06/2025 7:47:52,"Ya, saya bersedia.","aku sangat kecewa  
",Negatif,23,Laki - laki
28/06/2025 7:48:27,"Ya, saya bersedia.",tidak tahan lagi  ,Negatif,26,Perempuan
28/06/2025 7:49:04,"Ya, saya bersedia.",aku butuh bantuan ,Negatif,20,Laki - laki
28/06/2025 7:49:44,"Ya, saya bersedia.","aku butuh bantuan  
",Negatif,29,Laki - laki
28/06/2025 7:50:17,"Ya, saya bersedia.","sangat stres hari ini  
",Negatif,20,Laki - laki
28/06/2025 7:51:56,"Ya, saya bersedia.",sangat stres hari ini mencoba tidur saja sangat sulit,Negatif,23,Perempuan
28/06/2025 7:52:50,"Ya, saya bersedia.",aku ingin diam saja tanpa berbicara sedikitpun,Negatif,24,Perempuan
28/06/2025 7:53:36,"Ya, saya bersedia.",tidak kuat lagi rasa nya ingin mati saja,Negatif,25,Perempuan
28/06/2025 7:55:30,"Ya, saya bersedia.","Aku sangat sangat merasa bahagia, senang, bersyukur, tenang, semangat, damai, kuat, bangga, cerah, tersenyum ğŸ¤—ğŸ™ŒğŸ»",Positif,25,Perempuan
28/06/2025 7:57:12,"Ya, saya bersedia.",sangat bahagia  ,Positif,18,Laki - laki
28/06/2025 7:58:20,"Ya, saya bersedia.","penuh semangat  
",Positif,21,Perempuan
28/06/2025 7:59:06,"Ya, saya bersedia.","bersyukur sekali  
",Positif,20,Laki - laki
28/06/2025 8:00:05,"Ya, saya bersedia.","hati tenang  
",Positif,28,Laki - laki
28/06/2025 8:02:35,"Ya, saya bersedia.","hari cerah  
",Positif,20,Laki - laki
28/06/2025 8:04:29,"Ya, saya bersedia.","tersenyum manis  
",Negatif,28,Perempuan
28/06/2025 8:05:18,"Ya, saya bersedia.",merasa kuat dan bersinergi,Positif,21,Laki - laki
28/06/2025 8:06:02,"Ya, saya bersedia.",merasa kuat  ,Positif,28,Laki - laki
28/06/2025 8:06:42,"Ya, saya bersedia.",semangat pagi  ,Positif,27,Laki - laki
28/06/2025 8:07:30,"Ya, saya bersedia.","sangat bersyukur  
",Positif,25,Laki - laki
28/06/2025 8:08:11,"Ya, saya bersedia.",pikiran jernih,Positif,23,Laki - laki
28/06/2025 8:09:13,"Ya, saya bersedia.",aku sangat bahagiaaaaa,Positif,24,Perempuan
28/06/2025 8:09:49,"Ya, saya bersedia.",hari yang indah  ,Positif,24,Laki - laki
28/06/2025 8:10:26,"Ya, saya bersedia.","penuh rasa syukur  
",Positif,24,Laki - laki
28/06/2025 8:11:07,"Ya, saya bersedia.","aku merasa damai  
",Positif,20,Laki - laki
28/06/2025 8:11:50,"Ya, saya bersedia.","semangat jalani hari  
",Positif,20,Laki - laki
28/06/2025 8:12:32,"Ya, saya bersedia.","aku sangat tenang  
",Positif,20,Laki - laki
28/06/2025 8:13:09,"Ya, saya bersedia.","pagi yang cerah  
",Positif,21,Laki - laki
28/06/2025 8:13:59,"Ya, saya bersedia.","tersenyum tanpa alasan  
",Positif,20,Laki - laki
28/06/2025 8:14:35,"Ya, saya bersedia.","hati terasa ringan  
",Positif,23,Laki - laki
28/06/2025 8:15:21,"Ya, saya bersedia.",aku bangga kepada diriku,Positif,23,Laki - laki
28/06/2025 8:17:16,"Ya, saya bersedia.","Hari ini aktivitas seperti biasa, tidak terlalu istimewa tapi cukup tenang",Positif,23,Perempuan
28/06/2025 8:19:32,"Ya, saya bersedia.","biasa, aktivitas, cukup, oke, stabil, jalan, sedang, umum, rutinitas, normal ",Netral,20,Laki - laki
28/06/2025 8:26:10,"Ya, saya bersedia.","hari biasa  

",Netral,23,Laki - laki
28/06/2025 8:26:58,"Ya, saya bersedia.","aktivitas rutin  
",Netral,23,Perempuan
28/06/2025 8:27:57,"Ya, saya bersedia.","tidak banyak  
",Netral,22,Laki - laki
28/06/2025 8:28:42,"Ya, saya bersedia.",keadaan stabil  ,Netral,23,Laki - laki
28/06/2025 8:29:28,"Ya, saya bersedia.",suasana netral  ,Netral,20,Laki - laki
28/06/2025 8:30:17,"Ya, saya bersedia.","kerjaan selesai  
",Netral,24,Laki - laki
28/06/2025 8:30:53,"Ya, saya bersedia.","biasa saja  
",Netral,20,Laki - laki
28/06/2025 8:31:36,"Ya, saya bersedia.","sedang bekerja  
",Netral,23,Perempuan
28/06/2025 8:32:16,"Ya, saya bersedia.",makan siang,Netral,20,Laki - laki
28/06/2025 8:33:02,"Ya, saya bersedia.",Makan pagi dengan my pacarğŸ™ŒğŸ»,Netral,23,Laki - laki
28/06/2025 8:35:09,"Ya, saya bersedia.",makan pagi ,Netral,21,Laki - laki
28/06/2025 8:36:04,"Ya, saya bersedia.",mau makan sore sama temen,Netral,20,Laki - laki
28/06/2025 8:37:01,"Ya, saya bersedia.","hari ini biasa  
",Netral,,
28/06/2025 8:37:28,"Ya, saya bersedia.",tidak terjadi apa  ,Netral,,
28/06/2025 8:38:31,"Ya, saya bersedia.",aktivitas seperti biasa  ,Netral,,
28/06/2025 8:39:04,"Ya, saya bersedia.","semua berjalan normal  
",Netral,,
28/06/2025 8:39:43,"Ya, saya bersedia.","aku cukup tenang  
",Netral,20,Laki - laki
28/06/2025 8:40:18,"Ya, saya bersedia.","cuaca cukup baik  
",Netral,21,Laki - laki
28/06/2025 8:40:50,"Ya, saya bersedia.",rutinitas seperti biasa  ,Netral,21,Laki - laki
28/06/2025 8:41:24,"Ya, saya bersedia.",biasa saja kok  ,Netral,23,Laki - laki
28/06/2025 8:42:10,"Ya, saya bersedia.",sedang fokus kerja,Netral,23,Laki - laki
28/06/2025 8:43:09,"Ya, saya bersedia.","Hari ini aktivitas seperti biasa, tidak terlalu istimewa tapi cukup tenang",Netral,20,Laki - laki
29/06/2025 22:20:19,"Ya, saya bersedia.",Senyumannya membuat aku senang sekali,Positif,20,Perempuan
29/06/2025 22:21:36,"Ya, saya bersedia.",Melihat dia tertawa lepas adalah bentuk rasa bahagiaku,Positif,22,Perempuan
29/06/2025 22:22:58,"Ya, saya bersedia.",Hal yang palimg indah adalah melihat pemandangan pantai dipagi hari dan sore hari tentu nya,Positif,21,Perempuan
29/06/2025 22:23:54,"Ya, saya bersedia.",Tidak ada yang perlu ditakuti di dunia ini selama kita yakin dan percaya akan tuhan,Positif,24,Laki - laki
29/06/2025 22:25:14,"Ya, saya bersedia.",aku suka orang yang baik dan percaya diri yang tidak takut apapun apalagi terhadap tantangan,Positif,23,Laki - laki
29/06/2025 22:26:14,"Ya, saya bersedia.","Aku akan berenang hari minggu, semoga cuaca cerah",Netral,22,Laki - laki
29/06/2025 22:27:29,"Ya, saya bersedia.",akan akan pergi ke caffe dengan teman lama ku,Netral,23,Laki - laki
29/06/2025 22:28:15,"Ya, saya bersedia.",Aku akan bermain sepak bola di hari sabtu,Netral,22,Laki - laki
29/06/2025 22:29:42,"Ya, saya bersedia.",aku akan memotret pantai di pagi dan sore hari,Netral,21,Perempuan
29/06/2025 22:30:29,"Ya, saya bersedia.",Hari ini aku mengikuti kuliah dari jam 8 pagi sampai jam 3 sore,Netral,22,Laki - laki
29/06/2025 22:31:18,"Ya, saya bersedia.",hari ini aku akan tidur ,Netral,21,Laki - laki
30/06/2025 0:50:04,"Ya, saya bersedia.",aku akan bunuh diri saja cape lama - lama hidup di dunia ini,Negatif,22,Perempuan
30/06/2025 0:52:48,"Ya, saya bersedia.",sore nanti dan malam aku akan mengerjakan tugas,Netral,22,Laki - laki
30/06/2025 0:53:40,"Ya, saya bersedia.",liburan sebentar lagi ,Netral,21,Laki - laki
30/06/2025 0:55:15,"Ya, saya bersedia.",hari ini aku begadang karena mengerjakan tugas,Netral,20,Laki - laki
30/06/2025 0:56:36,"Ya, saya bersedia.",kadang aku merasa kesal ,Negatif,20,Laki - laki
30/06/2025 1:06:20,"Ya, saya bersedia.",Sampe bengkak ttp ajj disuntik masukin obatğŸ¥º perjuangan bgt pertama kali ngrasain d infus ğŸ˜makasih buat suami ğŸ¥° org tua sodara semua yg udh doain alhamdulillah membaikğŸ¤²ğŸ™ğŸ¥°,Netral,20,Perempuan
30/06/2025 1:07:25,"Ya, saya bersedia.",Assalamualaikum selamat pagi selamat berakhir pekan pada weekend knm ni besty.... ğŸ˜,Netral,24,Perempuan
30/06/2025 1:08:26,"Ya, saya bersedia.","Di bentuk oleh fakta pahit kehidupan di paksa dewasa sebelum wkt nya. Jelas sngt berbeda dgn org yg di bentuk dgn harta org tua nya, mereka di manja, di syang. Skrg mau di adu silah kan akan ku tunjuk kan tulang siapa yg paling kerasğŸ¤",Negatif,24,Perempuan
30/06/2025 1:09:39,"Ya, saya bersedia.",Back to schoolğŸ˜…,Positif,22,Laki - laki
30/06/2025 1:10:31,"Ya, saya bersedia.","Hina'an mu akan ku jadikan motifasi,  fisik bisa di ubah,  materi bisa di cari!!  Tapi yang setia tidak datang 2 kali.ğŸ’ªğŸ’ªğŸ’¦ğŸ’¦ğŸ’¦",Positif,24,Laki - laki
30/06/2025 1:12:11,"Ya, saya bersedia.","Nikmati hidupmu ...
  tidak perlu takut dengan penilaian orang lain,
 Karena yang menganggapmu buruk,
belum tentu mereka lebih baik.",Positif,26,Perempuan
30/06/2025 1:13:17,"Ya, saya bersedia.","Manjakan diri Anda dengan suasana hati yang sangat baik dengan tiket Wacken Open Air 2025 dari Pertukaran Tiket W:O:A. Dalam 31 hari akhirnya tiba waktunya...
https://www.wacken.com/.../ticketboerse-an-und-verkauf/",Positif,32,Laki - laki
30/06/2025 1:15:13,"Ya, saya bersedia.",lengser di acara madrasah At-Taqwa Sodong,Netral,38,Perempuan
30/06/2025 1:15:59,"Ya, saya bersedia.",Lekas sembuh teruntuk semangat yang selalu dipatahkan oleh keadaan ğŸŒ»,Negatif,23,Laki - laki
30/06/2025 1:16:59,"Ya, saya bersedia.",Ceker PGI Redy sekilu 35 setengah 18 ygg nak mesan mesanlah cod jam7,Netral,27,Perempuan
30/06/2025 1:54:00,"Ya, saya bersedia.",aku suka,Positif,22,Laki - laki
30/06/2025 1:55:27,"Ya, saya bersedia.",aku mau berbicara ,Netral,22,Perempuan
30/06/2025 1:57:30,"Ya, saya bersedia.",aku rasa aku jatuh cinta,Positif,23,Perempuan
30/06/2025 1:58:55,"Ya, saya bersedia.",aku ingin bersantai ,Netral,23,Perempuan
30/06/2025 2:02:06,"Ya, saya bersedia.",Berani dan jujur,Positif,24,Laki - laki
30/06/2025 2:05:26,"Ya, saya bersedia.","Daging sekilu 35
Hati 4 Rakai 10
Sayap 35 sekilu
Ceker kepala 22
Ceker 35 sekilu",Netral,41,Perempuan
30/06/2025 2:08:09,"Ya, saya bersedia.","Juara mah bebas!!! Semangat jalani hari sebagai Bobotoh, apalagi ditemani sama yang baru dari Indomie: rasa Soto Koya. 
Mie kenyal dengan kuah soto medok dan bubuk koya, bikin Bobotoh auto terkoya-koya. Yuk cobain! Sudah bisa kamu dapatkan di toko-toko terdekat.
Terus semangat dukung Persib bareng Indomie!
#IndofoodxPersib #Indomie #Persib #Bobotoh",Positif,23,Perempuan
30/06/2025 2:09:53,"Ya, saya bersedia.",Salam interaksi kawan kawanğŸ™ğŸ™ sampai kota mana aja kah foto aku ini,Netral,45,Laki - laki
30/06/2025 2:11:43,"Ya, saya bersedia.",Tumbuh besar anakku sehat Soleh bager pinterğŸ¤²ğŸ¥°ğŸ˜˜,Positif,25,Perempuan
30/06/2025 2:13:02,"Ya, saya bersedia.","Saat ego dan ketidakpekaan berjodoh, komunikasi perlahan mengering, dan kisah pun berubah jadi butiran sereal :(",Negatif,25,Perempuan
30/06/2025 2:14:25,"Ya, saya bersedia.","Bah4ya makan ik4n niL4, jangan sampe kalian mnyesal terlambat tauu!!! Nyessel banget baru tau bun beli ikan nila di pasar lngsung ku bu4ng krena takvt banget ternyata dapat info ternyata ikan ini bahaya bun ğŸ¥² cekk di bawah ini ales4nnya kenapa ik4n niL4 sangat bah..aya bun ,, janji jangan kaget bunğŸ‘‡ğŸ‘‡
https://s.shopee.co.id/7KlaeRRPon
https://s.shopee.co.id/7KlaeRRPon",Negatif,25,Perempuan
30/06/2025 2:15:39,"Ya, saya bersedia.","""Grateful for this sacred time to connect with God and one another. #SundayVibes""
",Positif,35,Laki - laki
30/06/2025 2:17:01,"Ya, saya bersedia.","Ke mana pun lo pergi, selalu ada #SebotolGoodDay Originale Cappuccino yang siap buat nemenin!
Rasakan creamy-nya Good Day Originale Cappuccino yang bikin hari lo makin seru dan penuh warna!âœ¨â€¨
#CreamyForEveryJourney #ReadyToGoodDay #GoodDay #KopiGoodDay
",Positif,25,Laki - laki
30/06/2025 2:18:23,"Ya, saya bersedia.","Kadang nyeuri hate lain cuman kusabab perbuatan, tapi oge kusabab omonganğŸ¥€",Negatif,23,Laki - laki
30/06/2025 2:19:36,"Ya, saya bersedia.","Assalamualaikum, teman-teman yang belum sholat tahajut lekas bangun, kita sholat tahajut bersama.",Netral,47,Perempuan
30/06/2025 2:20:58,"Ya, saya bersedia.",Memperingati tahun baru Islam 1447ğŸ•ŒğŸ•Œ,Netral,25,Perempuan
30/06/2025 2:21:50,"Ya, saya bersedia.",Buat iklan untuk menjangkau pelanggan Anda dengan Google Ads,Netral,29,Laki - laki
30/06/2025 2:23:00,"Ya, saya bersedia.","Tas selempang Livina
Ada 6 wrn moms
Hitam, Putih,Abu,Pink,Mustard,Mocca
28.000",Netral,20,Perempuan
30/06/2025 2:23:46,"Ya, saya bersedia.","Dewasa selalu memaksakan Untuk terlihat baik - baik saja, padahal itu semua tidak benarğŸ",Negatif,23,Laki - laki
30/06/2025 2:25:06,"Ya, saya bersedia.",Besok Redy cabe seperapat 15k,Netral,22,Perempuan
30/06/2025 2:26:06,"Ya, saya bersedia.","Betapa Hancurnya Hati Seorang Ayah ğŸ˜­ Melihat Anaknya Meningg4l Seperti Ini ğŸ˜­
Kejadian Ini Terjadi Selasa, 2025 Seorang Pelajar Siswi SD terser3mp3t Kereta 4pi di saat mau pulang sekolah di terowongan benteng Mojokerto.
Kronologi :
Ayahnya mau jemput anaknya pulang sekolah, selisih di jalan dengan sianak, bapaknya lewat trowongan anaknya lewat di atas Rell dan terseremp3t keret4 ap1 dan Meningg4l Duni4ğŸ˜­
Turut merasakan dukacita buat orangtua si anak akan kejadian ini, semoga sabar dan tabah menghadapi kejadian ini ğŸ¥º
Tetap hati2 Buat Warga yg menyekolahkan anaknya melewati jalan rel kereta 4pi, harus tetap berhati-hati, jemputlah anak sebelum pulang sekolah untuk menghindari yg tidak baik.",Negatif,43,Perempuan
30/06/2025 2:27:14,"Ya, saya bersedia.","Ga takut pelanggan kabur karena lengkapnya pilihan pembayaran!
âœ… 38+ Opsi Payment
âœ… Integrasi cepat & aman
âœ… Cocok untuk semua skala bisnis
Mau transaksi lancar tanpa drama? Saatnya #PakaiXenditAja!",Netral,23,Laki - laki
30/06/2025 2:33:53,"Ya, saya bersedia.","Bismillahirrahmanirrahim assalamualaikum 
Minta tolongka kasian yg punya golongan darah B butuhka 4 kantong untuk bapakku,
Yg punya kerabat atau teman tolong di share kasian paling lambat besok sudh harus ada, tolong bagikankiku postingan ku biar bnyk yg liatttt
#palangmerahluwutimur #PMR",Negatif,26,Perempuan
30/06/2025 2:37:33,"Ya, saya bersedia.","Diperkosa dan Diancam Pelaku, Ibu-Anak Ngungsi di Kandang Ayam Pekalongan
Satu keluarga warga Kecamatan Bantarbolang, Kabupaten Pemalang, Jawa Tengah, sudah sebulan lamanya mengungsi di sebuah kandang ayam di Pekalongan. Sebab, ibu dan anak ini diketahui merupakan korban pemerkosaan dan pencabulan. Mereka terpaksa menempati kandang karena takut dengan ancaman pelaku, inisial Cas.
Diketahui, keluarga yang total berisi lima orang tersebut menempati salah satu bilik dalam kandang. Untungnya, sudah sepekan ini, ayam sebanyak 13 ribu ekor tersebut memasuki masa panen, sehingga kandang kosong.
Ditemui detikJateng di kandang ayam Kamis (26/6/2025) petang, Kas, suami dan juga ayah korban, mengungkapkan bagaimana dia, istri, dan empat anak mereka memilih mengungsi di lokasi tempatnya bekerja.
Kas mengungkap istrinya, C (32), dan putri mereka yang masih berusia 13 tahun menjadi pelampiasan nafsu bejat pelaku yang diketahui masih satu desa. Bahkan, istrinya diperkosa di depan anak-anaknya pada akhir April lalu.
Sementara anaknya sudah dicabuli empat kali, terakhir pada awal Mei lalu. Kas bercerita lokasi pemerkosaan dan pencabulan terjadi di rumahnya pada malam hari.
""Awalnya, saya tidak tahu kejadiannya, istri dan anak tidak cerita. Kalau cerita, pelaku mengancam akan membunuh. Anak istri baru cerita sebulan lalu, langsung saya bawa ke sini, ke tempat kerja untuk keamanan,"" kata Kas.
Kas menuturkan berdasarkan pemeriksaan medis, alat kelamin putrinya terluka akibat perbuatan pelaku.
""Dilakukan di rumah semua, saat malam. Kalau anak saya saat anak saya sendirian, istri pas di luar rumah,"" katanya.
Rumahnya memang terbilang sederhana, menggunakan kayu papan, yang meskipun dikunci ada celah orang untuk masuk.
 SC,detik,com
#jangkauan
#fyp
#viral",Negatif,28,Perempuan
30/06/2025 2:42:31,"Ya, saya bersedia.","Pecinta pedas,sger asem sini merapatğŸ˜…
Tomyam resep by aku sendiri,pkok nya kalau bikin sendiri itu bakalan belih puas enak nya, pedese nya dan yang pasti jauh lebih kenyang ğŸ˜„ğŸ˜„ 
#fotomakanan
#fotobonus
#jangkauanluas
#monetisasikonten
#tomyamspesial",Netral,25,Perempuan
30/06/2025 2:46:21,"Ya, saya bersedia.","Kerja fleksibel, mobilitas maksimal dengan ASUS ExpertBook P3! Hadir untuk profesional dilengkapi dengan Windows 11, siap diandalkan untuk bisnis tanpa gangguan.
Trusted by IT Experts. Built for Worry-Free Business.
Tersedia di ASUS Online Store.
ğŸ’³ Cicilan 0% tanpa bunga
âœ… Free Delivery
ğŸ› Pick up in store
#ASUSExpertBook #ExpertBookP3 #LaptopBisnis #ASUSIndonesia #WorryFreeBusiness #TrustedbyITExperts #betheexpert #Windows11",Netral,27,Laki - laki
30/06/2025 2:48:56,"Ya, saya bersedia.",Mati rasa itu memang ada,Negatif,25,Laki - laki
30/06/2025 2:51:02,"Ya, saya bersedia.","Barang gak sesuai harapan tapi ada aja alibi, alasan, dan blablabla lainnya yang intinya gak dibolehin retur barangğŸ˜",Negatif,23,Perempuan
30/06/2025 2:58:48,"Ya, saya bersedia.","Setiap pertemuan pasti ada perpisahan...
15 th.an kita bersama tapi harii ini, hari terakhir kita bersamağŸ˜”.....
Sekarang sudah tidak ada lagi candaan mu,,, tdak ada lagii yg menyapa dan menunggu di depan pintu ketika datang dari berpergian atau pun pagi baru bangun ğŸ˜”..
Selamat jalan kawan smoga kita bertemu di kehidupan selanjutnya ğŸ™ğŸ»ğŸ™ğŸ»
Om svargantu, moksantu, sunyantu murcantu, om ksama sampurna ya namah svahağŸ™ğŸ»ğŸ™ğŸ»
.
.
25juni2025 RIPğŸ™ğŸ»",Negatif,28,Laki - laki
30/06/2025 3:01:41,"Ya, saya bersedia.","Bukan soal bener atau salah, kayaknya, bapaknya punya gangguan kecemasan.",Negatif,29,Laki - laki
30/06/2025 3:09:07,"Ya, saya bersedia.","Karena ketika sudah kecewa, apapun yang baik akan tetap terlihat buruk:(",Negatif,25,Laki - laki
30/06/2025 3:43:48,"Ya, saya bersedia.",aku suka kamu,Positif,22,Perempuan
30/06/2025 3:44:53,"Ya, saya bersedia.",aku benci kamu,Negatif,23,Perempuan
30/06/2025 3:45:41,"Ya, saya bersedia.",aku akan mengikuti lomba puisi,Netral,26,Laki - laki
01/07/2025 19:52:03,"Ya, saya bersedia.",status sedih,Negatif,22,Perempuan
02/07/2025 4:08:19,"Ya, saya bersedia.","seperti tidak ada semangat, aku merasa lemah letih dan lesu :(",Negatif,24,Perempuan
02/07/2025 4:09:41,"Ya, saya bersedia.","capekkkkk dan lemas rasanya, sepertinya aku banyak mengeluh setiap hari",Negatif,24,Laki - laki
02/07/2025 4:10:51,"Ya, saya bersedia.",bosan atau boring sama saja kannnnnnn hhhaaaa,Negatif,22,Perempuan
02/07/2025 4:12:17,"Ya, saya bersedia.",prnah gkkk sih pengen kyakk bnuh diri atau mati sja :),Negatif,24,Perempuan
02/07/2025 4:12:51,"Ya, saya bersedia.",Bodohhhhhh,Negatif,21,Laki - laki
02/07/2025 9:01:28,"Ya, saya bersedia.",aku stress sekali,Negatif,22,Perempuan
02/07/2025 9:02:04,"Ya, saya bersedia.",aku takutttttttt,Negatif,23,Laki - laki
02/07/2025 9:02:50,"Ya, saya bersedia.",aku bingung dan bimbang,Negatif,21,Perempuan
02/07/2025 9:08:13,"Ya, saya bersedia.",aku menyesal,Negatif,22,Perempuan
02/07/2025 10:23:28,"Ya, saya bersedia.",Aku,Netral,23,Laki - laki
02/07/2025 10:25:59,"Ya, saya bersedia.",Aku merasa sangat sedih hari ini,Negatif,23,Laki - laki
02/07/2025 10:26:39,"Ya, saya bersedia.","Hidupku penuh tekanan, aku tidak sanggup lagi",Negatif,23,Laki - laki
02/07/2025 10:27:37,"Ya, saya bersedia.","Rasanya tidak ada yang peduli, aku sangat kesepian",Negatif,24,Perempuan
02/07/2025 10:28:32,"Ya, saya bersedia.",Hanya ingin tidur dan menghilang,Negatif,22,Laki - laki
03/07/2025 22:16:08,"Ya, saya bersedia.",MasyaAllah kabar bahagia dari Alysaa dan Al ghazali di pernikahan yang baru 2minggu umumkan kehamilannya yg udah memasuki 4 minggu dia mengatakan awal nikah emang lagi masa subur jadi langsung topcerğŸ¥°ğŸ¥° â€ â€,Positif,22,Laki - laki
03/07/2025 22:17:37,"Ya, saya bersedia.",Buat iklan untuk menjangkau pelanggan Anda dengan Google Ads,Netral,21,Laki - laki
03/07/2025 22:18:59,"Ya, saya bersedia.","SPECIAL PERFORMANCE ALERTâ€¼ï¸ğŸ“¢
Bash to School di Metmall Cileungsi makin spesial bareng penampilan dari @hanindhiyaatys dan @stevan_pasaribu ! ğŸ’«
ğŸ“… Minggu, 6 Juli 2025
ğŸ•¢ Pukul 19.30 WIB
ğŸ“ Urban Terrace â€“ Metropolitan Mall Cileungsi
Siap-siap dibuat baper bareng lagu-lagu mereka yang bikin hati meleleh~ ğŸ’–
Yuk MMC Lovers ajak bestie, pasangan, atau keluarga kamu buat nikmatin malam Minggu romantis bareng kita! ğŸŒ™
ğŸ“Œ FREE ENTRY
#BashToSchool #MMC #HaninDhiya #StevanPasaribu #MetmallCileungsi #SpecialPerformance #EventCileungsi",Positif,21,Laki - laki
03/07/2025 22:20:31,"Ya, saya bersedia.","Khusus Akang/Teteh Bogor yang baru lulus SMA/SMK tahun ini? Ingin kerja di luar negeri tapi bingung mulai dari mana? Video ini untukmu!
Schoters by Ruangguru mempersembahkan The Biggest Study and Work Abroad Festival 2025 khusus untuk individu dari Bogor, usia di bawah 30 tahun, yang siap belajar dari nol demi berkarier di kancah internasional! ğŸŒğŸ’¼
Jangan lewatkan kesempatan di Festival ini untuk mendapatkan:
- Info Lowongan Kerja Resmi 
ke Jerman, Jepang dan 20+ Negara lainnya
- Strategi tembus kerja di luar negeri dengan gaji puluhan juta
- Konsultasi langsung dengan alumni dan recruiters
- GRATIS pengecekan persyaratan kerja
- GRATIS kiat sukses bekerja di luar negeri
Ayo, mulai perjalananmu sekarang! Klik ""Daftar Sekarang"" dan jadikan mimpimu nyata! ğŸ‘‡
#MimpiJadiNyata #KerjaLuarNegeri #Bandung #LulusanSMASMK #PeluangKarir #Schoters #Ruangguru #WorkAbroadFestival",Positif,22,Laki - laki
03/07/2025 22:21:21,"Ya, saya bersedia.","abar mengejutkan datang dari pesepak bola Eropa asal Portugal, Diogo Jota. Pemain Liverpool itu dikabarkan meninggal dunia pada Kamis (3/7/2025) siang WIB.
Diogo Jota meninggal dunia karena mengalami kecelakaan lalu lintas di kilometer 65 Jalan Raya Rias Bajas A-52 dekat kotamadya Palacios de Sanabria (Zamora).
Menurut laporan media Spanyol, kecelakaan itu terjadi sekitar pukul 12.40 dini hari waktu setempat.
#diogojota #liverpool #tribunnews #matalokalmenjangkauindonesia",Negatif,23,Laki - laki
03/07/2025 22:22:17,"Ya, saya bersedia.","_Hatiku kecil, tapi cukup besar untuk menampung semua hal tentangmu_ğŸ˜œ",Positif,22,Laki - laki
03/07/2025 22:24:05,"Ya, saya bersedia.",Ajarin main gitar dong ğŸ¥º,Negatif,22,Perempuan
03/07/2025 22:25:22,"Ya, saya bersedia.",Insya allah malam ini ditempat ketua Ibnu Hajar masjid al mubarokah Pelita pantai Kec. Lima puluh,Netral,32,Laki - laki
03/07/2025 22:26:11,"Ya, saya bersedia.",Masyaallah panass sekali besty sampee puyeng .. selamat siang ğŸ˜„,Netral,23,Perempuan
03/07/2025 22:27:42,"Ya, saya bersedia.","Pikabu peak game, laki pun bakal nangis, W game",Negatif,23,Laki - laki
03/07/2025 22:28:35,"Ya, saya bersedia.",ğŸ’»Exclusive offer: Download the app now and get a 31.4 Pi bonus right after installation!,Netral,25,Laki - laki
03/07/2025 22:29:44,"Ya, saya bersedia.","KB pil wajah rusakâ€¦..
KB suntiiiikk tubuh mengendutâ€¦..
KB implan tdk leluasa beraktivitasâ€¦
KB IUD geser sedikit auto 0perasiâ€¦.
Tidak KB ntar beranak Mulu dinyinyirin orang* miskiiiin, kerjanya beranak kyk kucing.
Jadi perempuan tidak mudah YurağŸ¥¹ğŸ¥²
Para suami please jgn remehkan istri muğŸ¤§",Negatif,23,Perempuan
03/07/2025 22:31:26,"Ya, saya bersedia.","Ketika istrimu dihina dan direndahkan orang lain,ataupun saudaramu, bela lah istrimu, karena sejatinya jika mereka merendahkan istrimu, berarti mereka sedang merendahkan mu juga, selamat siang.
 #fyp",Netral,26,Perempuan
03/07/2025 22:32:20,"Ya, saya bersedia.","Besok Redy ikan bakar 20 sikok ea
Ayam bakar 20k ayam piak empat jgan diragukan besak2 Dide mengecewakan cod jam 11 mkn siang",Netral,27,Perempuan
03/07/2025 22:33:17,"Ya, saya bersedia.",Mau yang Lebih Hemat dan Lebih Cepat? Semua ada di Shopee. Cek sekarang,Netral,34,Perempuan
03/07/2025 22:34:02,"Ya, saya bersedia.",ğŸ¥°ğŸ¥°ğŸ¥°,Positif,27,Perempuan
03/07/2025 22:35:40,"Ya, saya bersedia.",MasyaAllah akhirnya kabar bahagia datang dari bunda maia dan irwan musry bunda maia hamil anak dari irwan musry udah 8minggu ğŸ˜ semoga sehat2 ya bunda maia bahagia selaluğŸ˜ğŸ˜ â€,Positif,32,Perempuan
03/07/2025 22:37:14,"Ya, saya bersedia.","Karna juju merasa penasaran, akhirnya Juju pergi memberitahu saudara yg lainnya, mereka bersamaÂ² pergi ke rumah Pak Ata.
Setelah sampai di rumah pak Ata. Saudara juju dan teti mengintip ke bagian dinding bilik kamar pak Ata, d4n melihat saudari Eumis dalam keadaan terlent4ng, tidak merespon ketika di panggil. â€",Negatif,24,Laki - laki
03/07/2025 22:38:04,"Ya, saya bersedia.","[SPECIAL GIVEAWAY: G2G PRODUCTS UNTUK 100 PEMENANG!ğŸŠ] 
Masing-masing pemenang akan mendapatkan satu produk G2G secara random!
Caranya gampang banget: 
1. Follow IG @glad2glow & TikTok @glad2glow_id 
2. Pastikan akun GG tidak di-private
3. Like, save, and share postingan terbaru Glad2Glow di IG & TikTok 
4. Comment di beberapa postingan terbaru Glad2Glow, Apa resolusi GG untuk 2025 nanti?
Pengumuman pemenang yang komennya paling menarik akan di upload di Instagram Glad2Glow pada tanggal 3 Januari 2025! Good luck GG!ğŸ¥³ğŸ‰
#giveaway",Netral,26,Perempuan
03/07/2025 22:40:05,"Ya, saya bersedia.","Gk cantik gpp,satidaknya belajar untuk merias,walau hanya dirumahğŸ˜ğŸ˜ğŸ˜",Netral,35,Perempuan
03/07/2025 22:40:58,"Ya, saya bersedia.","INNALILAHIğŸ˜­ğŸ˜­ Aktor Ganteng Terkenal M3ningg4l Dvnia, mohon doanya, Semoga keluarga yg ditinggal diberi ketabahan Aamiin â€ ğŸ¤²ğŸ¤² â€ â€ â€",Negatif,29,Laki - laki
03/07/2025 22:41:50,"Ya, saya bersedia.","âœ¨ Unlock 1 Year of TradingView â€“ 100% FREE!
Ready to take your trading game to the next level? Weâ€™ve got something special just for you. For a limited time only, you can get a full year of TradingView Pro â€” completely FREE!",Netral,28,Laki - laki
03/07/2025 22:42:49,"Ya, saya bersedia.","Redy siang kle ayam bakar 20
Ikan nila bakar 20 sampai 25 siikok ea yg galak pesanlah jam 11 cod",Netral,,
03/07/2025 22:44:18,"Ya, saya bersedia.","Tissa dan dul itu seperti Ahmad Dhani dan Mulan .
Mirip.",Netral,,
03/07/2025 22:44:54,"Ya, saya bersedia.","Tidak akan kubiarkan lagi diriku mengemis seperti orang bodoh, hanya untuk dicintai dan dihargaiğŸ™ƒ",Negatif,,
03/07/2025 22:46:12,"Ya, saya bersedia.","Letâ€™s be honest. Motivation isnâ€™t enough.
Youâ€™ve read the quotes, saved the reels, listened to podcasts.
But your money situation hasnâ€™t changed. Not yet.
ğŸ‘‰ https://www.millionairemind.online/special 
Thatâ€™s where Millionaire Mind Hybrid comes in.
This 3-day online event has already helped over 1.5 million people break through their limits and finally take control of their finances.
This is not hype. This is a full system for mental and financial reset.
Hereâ€™s what youâ€™ll get:
ğŸ”¥ A powerful mindset shift that breaks old patterns
ğŸ”¥ The exact money psychology used by the wealthy
ğŸ”¥ Real strategies you can apply right away
ğŸ”¥ An online experience that hits hard and stays with you
You donâ€™t need another motivational quote. You need a moment that moves you. This is that moment.
And it only takes $19 to step into it.
ğŸŸï¸ Lock in your spot for $19 
ğŸ‘‰ https://www.millionairemind.online/special 
This is your shot. Donâ€™t sleep on it.",Netral,,
03/07/2025 22:47:06,"Ya, saya bersedia.","Mari kita jujur. Motivasi saja tidak cukup.
Anda telah membaca kutipan, menyimpan gulungan, mendengarkan podcast.
Tetapi situasi uang Anda tidak berubah. Belum.
ğŸ‘‰ https://www.millionairemind.online/special 
Di situlah Millionaire Mind Hybrid masuk.
Acara online 3 hari ini telah membantu lebih dari 1,5 juta orang menembus batas mereka dan akhirnya mengendalikan keuangan mereka.
Ini bukan sensasi. Ini adalah sistem penuh untuk pengaturan ulang mental dan keuangan.
Ini yang akan Anda dapatkan:
ğŸ”¥ Pergeseran pola pikir yang kuat yang merusak pola lama
ğŸ”¥ Psikologi uang yang tepat digunakan oleh orang kaya
ğŸ”¥ Strategi nyata yang dapat Anda terapkan segera
ğŸ”¥ Pengalaman online yang memukul keras dan tetap bersama Anda
Anda tidak perlu kutipan motivasi lainnya. Anda membutuhkan momen yang menggerakkan Anda. Inilah saat itu.
Dan hanya membutuhkan $19 untuk melangkah ke dalamnya.
ğŸŸï¸ Kunci tempat Anda seharga $19
ğŸ‘‰ https://www.millionairemind.online/special 
Ini kesempatanmu. Jangan tidur di atasnya",Netral,,
03/07/2025 22:47:41,"Ya, saya bersedia.","Innalillahi. G3mpar penemuan M4y4t w4nita c4nt1k di area persawahan Desa Wonoketingal, Kecamatan Karanganyar, Kabupaten Demak.
K0rban diketahui bernama Shela Handayani (20), warga Kelurahan Wergu Wetan, Kecamatan Kota Kudus, Kabupaten Kudus.
Ident1tas korb4n terkonfirmasi setelah Aris Rubiyanto (48), paman korb4n, datang ke RSUD Sunan Kalijaga Demak dan memastikan langsung bahwa jen4zah tersebut adalah keponakannya. 
Pol1si berhasil memb3kuk AR (32). AR dit4ngkap pada Jum'at pagi, saat tengah berada di sebuah warung makan di Kabupaten Tangerang, Banten.
Pel4ku, yang diketahui merupakan warga Desa Sari, Kecamatan Gajah, Kabupaten Demak, tak b3rkutik saat dir1ngkus petugas.
Ternyata ini Mot1fnya sehingga t3ga mel4kukan p3rbu4tan k3ji itu â€",Negatif,,
03/07/2025 22:48:20,"Ya, saya bersedia.","Diogo Jota dan Saudaranya meninggal dunia akibat kecel4k44n yang terjadi di kilometer 65 jalan A-52, dekat daerah Sanabria di Zemora. Spanyol. 
Mobil yang ditumpanginya bersama saudaranya Andre, 26 tahun, keluar jalur dan menyebabkan kebakaran. Menurut saksi mata, mobil tersebut terbakar dan juga menyebar ke hutan terdekat.
RipğŸ¥€ğŸ’”ğŸ•Š",Netral,,
03/07/2025 22:49:16,"Ya, saya bersedia.","Jadilah dirimu sendiri, orang tidak harus menyukaimu dan kamu tidak perlu peduli.",Negatif,,
03/07/2025 22:51:01,"Ya, saya bersedia.",Semoga aja G kejadian ğŸ—¿,Negatif,,
03/07/2025 22:53:23,"Ya, saya bersedia.","Ga takut pelanggan kabur karena lengkapnya pilihan pembayaran!
âœ… 38+ Opsi Payment
âœ… Integrasi cepat & aman
âœ… Cocok untuk semua skala bisnis
Saatnya #PakaiXenditAja!",Netral,,
03/07/2025 22:54:25,"Ya, saya bersedia.","Bangun Anakku,' Ucap Ibu Menepuk SungaiğŸ˜­, Tak Lama Jasad Anaknya Korban Mobil Jatuh Ke Jurang Ketemu.....",Negatif,,
03/07/2025 22:55:45,"Ya, saya bersedia.","Semoga lancar usahanya
Source: mukaikhlas_
Mau top up anti ribet dan aman? Klik link di bawah ini!ğŸ˜
https://bit.ly/TopupUniPinFB
#UniPin #meme #memes #memeindonesia #memedaily",Netral,,
03/07/2025 22:57:02,"Ya, saya bersedia.","Jangan buru-buru ajar anak menulis âŒ
Sebelum mengajarkan anak menulis setidaknya 8 tahapan ini !!!
Yuk di save ğŸ¤—
#pramenulis #belajarmenulis #paud #anakpaud",Netral,,
03/07/2025 22:58:16,"Ya, saya bersedia.","Perhatian Metalheads, ini akan benar-benar penuh di sini hari ini untuk akhir pekan! ğŸ”¥
Dari musik hingga kata-kata yang diucapkan, dari komedi hingga yoga metal hingga pembacaan dan pertunjukan larut malam, semuanya ada di sini!
Timeless Wacken klasik seperti THE HARDKISS , Saskia Thode , Mutz Music bertemu di Holy Ground Greenhorns seperti Alien Rockin' Explosion - comics & rock ğŸ‘€
Selain itu, Anda akan dihangatkan oleh:
Metal Workouts Storm oleh Henning Wanner Metal Workouts Christof Leim (Baca) Dead Serious (Bicara Langit) Rage Wacken Slam Battle (Baca Pengejar Suara) (Baca Sodom) (Memainkan savatage) Holger Schmenk Chris Boltendahl (Baca Penggali Kubur) John Wray (Baca Bawah Serigala) Mit Ohne Strom Wolfgang Niedecken dan Mike Herting (baca) The Feelgood McLouds Dr. Nico Rose Asrock
Tapi apakah kita benar-benar berada di akhir sekarang? Apakah itu dia? Dan bagaimana dengan urutan berlari?
Pertanyaan tentang pertanyaan yang akan kami jawab minggu depan. JANJI! ğŸ¤˜
#woa #wacken #openair #metal #festival #fasterharderlouder",Netral,,
03/07/2025 22:59:31,"Ya, saya bersedia.","Alhamdulillah Done, seragam kader posyandu kec.Kotagajah Lampung tengah. Thanks for order 
Shintyae Phermatae Sharie 
#foto
#fbpro
#fyp
#jangkauanLuas",Positif,,
03/07/2025 23:00:34,"Ya, saya bersedia.","Kami buka kelas baru AI!
Sekarang anak Anda bisa belajar menggunakan berbagai machine learning dengan bijak dan bermanfaat.
Untuk merayakan peluncuran kelas ini, kami memberikan kelas pertama secara GRATIS!
ğŸ‘¦ Apa yang akan dipelajari dalam kelas ini?
âœ… Membuat cerita menarik dengan AI
âœ… Membuat gambar dan 3D model dengan AI
âœ… Pemrograman game dan animasi
âœ… Pengisian suara dan desain suara
âœ… Mengembangkan project sendiri!
ğŸ“© Klik â€œLebih lanjutâ€ untuk daftar kelas gratis!",Positif,,
03/07/2025 23:03:00,"Ya, saya bersedia.",ğŸ˜ğŸ˜€ğŸš¶ğŸš¶ğŸ’ªâ˜• 24jam,Netral,,
03/07/2025 23:04:12,"Ya, saya bersedia.","Juni berakhir sampai jumpa dibulan depan My team âš½ï¸
@the30s.ff 
@seveneight.fc 
@rossonerijogja 
@ugetuget_fc 
ğŸ“¸
@atinyeah
@nardasport
@yasa.sport 
@topscore354 
@__sukaphoto__ 
ğŸŸ 
@stadion_mandalakrida 
@lapangan klidon
@lapangan bola UII
@sudut_soebroto 
#funfootball #funnfootballsilaturahmi #mabol #mabolbareng #yogyakarta #sleman #magelang",Netral,,
03/07/2025 23:05:17,"Ya, saya bersedia.","ğŸ“£ Ready Stock Steamer Rice BWE!
ğŸ”¥ Tersedia 2 pilihan: 12 Tray & 24 Tray
ğŸ› ï¸ Cocok untuk:
âœ”ï¸ Usaha kuliner
âœ”ï¸ Resto & katering
âœ”ï¸ Dapur makan bergizi gratis / dapur sosial ğŸ™Œ
ğŸ“ Gudang di Jakarta
ğŸ“¦ Bisa kirim ke luar kota!
ğŸ’¥ Kuat â€“ Efisien â€“ Hemat tenaga & waktu
âœ¨ Solusi praktis untuk masak nasi dalam jumlah besar, cepat & merata!
ğŸ’š Dukung kegiatan sosial & penyediaan makanan sehat untuk banyak orang!
ğŸ“² Hubungi Rani - 081280991290
atau langsung DM kami!
#SteamerNasi #BWE12Tray #BWE24Tray #DapurUsaha #DapurSosial #MakanBergiziGratis #PeralatanDapur #SteamerJakarta",Positif,,
03/07/2025 23:06:16,"Ya, saya bersedia.","Seorang Pria Menikah dgn boneka Manekin sampe memiliki anak dan mereka hidup rukun dan bahagia, Setiap hari mereka selalu......ğŸ˜±ğŸ˜± â€",Negatif,,
03/07/2025 23:07:26,"Ya, saya bersedia.","Mayor Jenderal Mikhail Gudkov, wakil kepala Angkatan Laut Rusia, telah tewas dalam serangan Ukraina di Wilayah Kursk Rusia, kata gubernur Wilayah Primorye timur jauh hari Kamis.",Negatif,,
03/07/2025 23:13:33,"Ya, saya bersedia.","ğŸ”¥ã€GAME MOBA GILA PALING MUDAH & EPIK 2025 SERANG INTERNET!ã€‘ğŸ”¥
ğŸ® Mainnya SUPER GAMPANG, tua muda bisa main, ribuan orang online bareng, BATTLE ROYALE KEREN BANGET!!!
âš¡ï¸LARI dari PETIRâš¡ï¸ Battle Royale Penuh Hoki!
âœ¨ Game HP jadul udah ketinggalan zaman, game gabungan WEB 2.0 + WEB 3.0 lagi TREN kekinian! Jangan sampe ketinggalan, dong!
ğŸ”¥ Login pertama & ajak teman sukses, dapet SALDO HADIAH langsung buat main bebas! Ada UNDI HADIAH misteri tiap hari, hadiahnya barang beneran, lho!
ğŸ¤ Nggak perlu bisa, nggak pakai modal, kumpulin poin bisa tukar hadiah & kesempatan lebih!
ğŸ¤ Main beberapa jam sehari, mimpi jadi pro bisa kesampean! Hoki-hokian bisa menang hadiah gede!
âŒ BUKAN judi, yang nggak percaya skip aja~
#GameBaru #CaraJituOrangBiasa #BukanPenipuan #KumpulinPoinDapatHadiah #DijaminHalal",Netral,,
03/07/2025 23:15:19,"Ya, saya bersedia.","Baturmah tos bade narikah, abi, Andika, sareng Adam mah masih keneh mikiran enjing bade jajan naon deui nya",Netral,,
03/07/2025 23:15:56,"Ya, saya bersedia.",Besok Redy lgi sayuran,Netral,,
03/07/2025 23:17:30,"Ya, saya bersedia.","Ahmad dhani bikin gempar netizeeen kembalii bela mulan , safea dan Ali ahmad dhani rela beberkan A1b Maia menuduh gh1bah dan pitnah!!! â€ â€",Negatif,,
03/07/2025 23:18:12,"Ya, saya bersedia.",Baru niikah 2minggu alghazaliii umvmkan kehamiilannya yg sudah memasuki vsia 4minggu.. wah selamattt ya allll â€ â€,Positif,,
03/07/2025 23:18:52,"Ya, saya bersedia.","Temukan Starlink Mini yang baru â€“ konektivitas tanpa batas, di mana pun Anda berada. ğŸŒ
âœ”ï¸ Tanpa biaya bulanan
âœ”ï¸ Mudah dipasang dan dibawa
âœ”ï¸ Kecepatan tinggi dan latensi rendah
âœ”ï¸ Ideal untuk perjalanan, daerah pedesaan, atau penggunaan profesional
ğŸ”— Aktifkan koneksi Anda sekarang dengan mengklik Pelajari selengkapnya",Netral,,
03/07/2025 23:19:32,"Ya, saya bersedia.","jemur bajuâ
jemur body motor âœ…
#repaintbody
#repaint
#REMOVER
#hardcrome",Netral,,
03/07/2025 23:22:14,"Ya, saya bersedia.","irwan mussry beri per!ngatan untuk ahmad dani ia tak terima istrinya masih di sakiti sampai sekarang,... begini respon dari ahmad dani yg bikin menohok â€ â€ â€â€ â€",Negatif,,
03/07/2025 23:22:56,"Ya, saya bersedia.",Assalamualaikum selamat pagi selamat berakhir pekan pada weekend knm ni besty.... ğŸ˜,Netral,,
03/07/2025 23:23:54,"Ya, saya bersedia.","ğŸš€ TradingView Premium â€” Now 100% FREE on Desktop!
Just install the Windows desktop app and unlock full access to premium tools â€” no payment required.
âœ… No subscription needed
âœ… Quick 1-click install
âœ… Professional analysis tools
ğŸ¯ Perfect for crypto traders who want an edge.",Netral,,
03/07/2025 23:26:21,"Ya, saya bersedia.","Innalilahi Wa Innailaihi Roji'un, DetikDetik Artissss Inul Daratista Menghembuskan Nafas Terakhir Hari ini. .ğŸ¥º Selamat Tinggal Pelakon Terbaik ğŸ˜­ Fans: Karya Mu Akan Slalu Kami Kenangâ€ â€ â€",Negatif,,
03/07/2025 23:27:35,"Ya, saya bersedia.","ğŸ‘‹ Yakin Mau Lewatin Extra Potongan Belanja Spesial & Diskon Menarik up to 80% untuk Produk Incaranmu di Dekoruma? Yuk Cek Promonya Sekarang ğŸ›’
Keuntungan Belanja di Dekoruma:
ğŸ¤ Gratis Pengembalian jika Barang Tidak Sesuai,
ğŸš› Gratis Ongkir* Se-Indonesia,
ğŸ’³ Belanja Mulai 2 Jt, Bisa Cicilan 0% s.d. 24x
â¤ï¸ Dekoruma - Furniture & Custom Interior",Netral,,
03/07/2025 23:29:10,"Ya, saya bersedia.","Wlaupun satu dunia membenci  ku tak masalah,karena tak semua orang penting bagiku",Negatif,,
03/07/2025 23:30:40,"Ya, saya bersedia.","â€œKamu ini semakin dibiarkan semakin ngelunjak. Lama-lama kepalaku ini kau inj ak,â€ sambungnya lagi tak memberi jeda untuk aku menyahut.
â€œUdah lah mas, aku sedang gak mau ribu t. Yang kemarin anggap gak pernah terjadi. Aku capek, lelah,â€ jawabku sungguh-sungguh tidak mau ada kerib utan lagi.
Biar seburuk apa pun tabiat mas Langit aku masih berharap rumah tangga ini baik-baik saja. Andai dia tidak mau menanggung semua kebu tuhan si kembar biar saja aku yang memen uhinya. Aku akan kembali beke rja hanya kali ini dari rumah saja.
Dengan nama besarku tentu mudah untuk mendapatkan peke  rjaan freelands. Memang hasil tak sebanyak terjun kelapangan minimal aku bisa memenuhi semua kebutu han si kembar. Yang terpenting mereka tidak kehila ngan sosok ayah.
â€œHeh ... siapa yang mengizinkan kamu masuk!!â€ bentak mas Langit menyurutkan kakiku yang akan melangkah.
â€œUntuk masuk ke rumah sendiri harus izin juga??â€ aku baik bertanya, melara ngku masuk sedang tidak ada uan gnya dalam membel i rumah ini sampai isi-isinya.
â€œYa memang kau membe li, tapi suratnya atas namaku. Artinya rumah ini murni milikku,â€ akunya tak tahu malu. Mentang-mentang memakai nama dia bisa mengakui miliknya.
â€œMari kita berp isah, Mas,â€ ucapku lant ang karena sudah tidak ada lagi kata-kata tepat untuk membant ahnya.
Mata pria bergelar suami di depanku ini melebar sempurna andai bisa mungkin saat ini bola matanya sudah melompat-lompat di lantai. Ke dua tanganya terulur menye ntuh bahuku.
Mungkin dia tidak percaya dengan yang aku katakan barusan. Mengingat dia sangat tahu aku terlalu bucin dan tak bisa hidup tanpanya.
â€œKa-kamu bicara apa, Di?â€ lirihnya terbata.
â€œAku mau kita masing-masing. Mas mau rumah ini, ambil aja. Aku gak butuh, yang aku butuhkan saat ini ketenangan. Aku bisa gil a lama-lama seperti ini. Lima tahun kita hidup bersama gak pernah sama sekali mas mau mengerti aku, bahkan membe laku depan keluarga mas gak pernah. Aku di minta berjuang sendiri menghadapi mereka. Aku le lah mas,â€ jelasku sepanjang jalan kenangan.
â€œAlah kamu terlalu drama. Hanya karena gak mau memberikan Inka uan g minta cer ai. Kamu kira ce rai lelucon,â€ sanggahnya tertawa lebar sampai liurnya muncrat mengenai wajahku.
â€œAku serius,â€ ucapku tegas menghentikan tawa mas Langit seketika.
â€œOkey-okey, kamu gak mau memberikan Inka uan g gak apa-apa. Lupakan masalah Inka. Sana masuk buatkan makanan, aku lapar. Tadi pagi gak sarapan.â€
Aku menden gus meleng gang masuk mengabaikan permintaannya. Mau makan saja harus menunggu aku. Namun, aku menenun alis menatap tembok tempat bertengger tivi sekarang plong.
Otakku langsung bekerja merogoh tas mengambil ga wai jadulku. Tidak salah lagi aku langsung tertuju pada status kak Rona di akun sosmednya.
Gambar Inka menaiki sepeda listrik lengkap dengan caption. [Makasih om Langit, Inka sangat senang. Om memang Om ter-the best. Sering-sering ya Om meman jakan keponakan satu-satunya ini.]
Ama rahku kembali naik ke ubun-ubun, aku tak berniat membaca banyak komentar yang ujung-ujungnya akan menyen tilku. Jadi mereka tetap membel ikan permintaan ana k itu, tetapi dengan menjua l tvku. Oh, bagus sekali, banyak kemajuan.
Tak perlu aku bertanya pada mas Langit karena pasti akan memunculkan perdebatan berikutnya. Aku akan gunakan caraku untuk memb alas mereka, jangan menang dulu yang markonah.
â€œTivi kita rusak, disa mbar pe tir.â€ Aku menoleh kebelakang dengan sin is pada mas Langit dengan wajah yang selalu tidak berd osanya.
â€œOh, semoga pet ir juga menya mbar mereka yang mengambil hakku,â€ sindirku sontak dia jadi ketakutan.
â€œBicara apa kamu ini, siapa yang mengambil hakmu.â€ Mas Langit memijat tengkuk yang menandakan sedang ketak utan. Salah siapa bawa-bawa pe tir, sedang tahu pe tir tidak main-main dalam menghu kum.
â€œKembalikan s eta n!!!!â€",Negatif,,
03/07/2025 23:31:25,"Ya, saya bersedia.","Semoga bisa selalu bermanfaat resepnyaâ£â£â£â£â£â£â£
KROKET KENTANG
by @fridajoincoffee
Bahan:
500 gr kentang
25 gr susu bubuk
Â½ sdt garam
100 gr tepung panir, diblender
1 butir telur, kocok lepas
Bahan Isi:
100 gr daging ayam fillet, cincang kasar
1 wortel, potong dadu kecilÂ²
1 siung bombay, iris
2 siung bawang putih, cincang
100 ml air/susu cair
Gula secukupnya
Garam secukupnya
Kaldu bubuk secukupnya
1 sdm tepung terigu larutkan dengan 50 ml air
Buat Isian:
1. Tumis bombay dan bawang putih sampai harum.
2. Masukkan daging ayam, masak sampai berubah warna.
3. Masukkan wortel, tambahkan air, gula garam dan kaldu bubuk. Masak hingga matang.
4. Tambahkan larutan terigu, aduk rata hingga adonan isian kesat tidak lagi berair. Angkat dan dinginkan.
Penyelesaian:
1. Kupas kentang, potongÂ² kemudian goreng sampai matang dengan api sedang, jangan sampai kering kecoklatan.
2. Haluskan selagi panas.
3. Tambahkan susu bubuk dan garam, uleni.
4. Ambil 50 gram adonan kentang, pipihkan. Beri isian sebanyak 20 gram, kemudian bentuk lonjong.
5. Balur dengan tepung panir >> telur kocok >> tepung panir lagi, sambil dipadatkan. Simpan dalam kulkas selama 15 menit.
6. Goreng dalam minyak panas dengan api sedang. Jangan dibolak-balik supaya tidak hancur. Angkat dan sajikan.
7. Resep untuk 8 kroket kentang.
â£â£â£â£â£â£â£â£â£â£ mari dicoba ğŸ‘Œ
#masakanpraktis
#kroketkentang
#semuaorang",Positif,,
03/07/2025 23:34:36,"Ya, saya bersedia.","Anisa dih4bisi oleh sang suami yang tak pernah mencintainya, dan hanya mengincar harta warisan. Namun karena amal saleh yang sering ia kerjakan, Allah menghidupkannya kembali setelah beberapa jam dimakamkan. Inilah saatnya untuk membalas!
ğŸ¤²ğŸ»ğŸ•‹ğŸ¤²ğŸ»ğŸ•‹ğŸ¤²ğŸ»
Part 7
Saat suasana tahlilan begitu sibuk dan tak ada satu pun yang memperhatikannya, Anisa perlahan membungkuk, lalu membisikkan sesuatu di telinga Reyhan.
â€œSabar ya, Nak. Mama akan segera kembali untuk menjagamu. Tunggulah sampai Mama memberikan pelajaran berharga pada papamu yang sudah begitu zalim. Kamu hanya dijadikan alat untuk mengeruk harta kekayaan Mama. Naudzubillah min dzalik. Mama tidak akan membiarkan kamu dibesarkan oleh orang-orang serakah yang haus akan kekuasaan, tanpa bisa membedakan mana yang benar dan mana yang salah.â€
Dengan penuh kelembutan, Anisa membelai pucuk kepala putranya. Suaranya bergetar, namun wajahnya tetap tegar.
Perlahan, Reyhan pun terlelap di dalam dekapan sang ibu.
Anisa masih terus menggendong bayi mungil itu hingga acara tahlilan usai.
Saat para tamu sudah mulai berpamitan, Ibu Sulastri mendekat, melemparkan senyuman hangat ke arah Anisa yang ia kira adalah sepupu Cahyono.
â€œTerima kasih ya, sudah menjaga cucuku dengan baik sehingga acara tahlilan bisa berjalan lancar sebagaimana yang kami harapkan,â€ ucap wanita paruh baya itu dengan nada lembut.
Anisa segera bangkit dan menyerahkan Reyhan ke dalam pelukan sang mertua.
â€œIya, sama-sama, Bu. Kalau begitu, aku pamit undur diri dulu.â€
â€œEh iya. Kamu tinggal di rumah Cahyono kan? Almarhumah Anisa dulu akrab sekali dengan Cahyono waktu masih kuliah. Tapi setelah menikah, dia memilih fokus pada pernikahan. Anisa bersikap seperti itu karena tidak ingin menimbulkan kesalahpahaman, makanya ia menjaga jarak dari lawan jenis. Padahal Abraham tak pernah keberatan jika Anisa bersahabat dengan siapa pun.â€
â€œIya, Bu. Aku datang dari kampung. Berniat mencari pekerjaan di kota besar ini. Untuk sementara, aku tinggal di rumah Mas Cahyono.""
â€œKamu sedang cari pekerjaan?â€
â€œIya, Bu. Tapi karena pendidikanku yang rendah dan penampilanku juga dianggap aneh oleh sebagian orang, jadi agak sulit untuk mendapat pekerjaan.â€
Di saat bersamaan, Laura muncul diikuti oleh Abraham.
â€œKalau kamu mau, kamu bisa jadi babysitter untuk putraku. Sejak istriku meninggal, Rey jadi rewel. Ibuku pun kerepotan mengurusnya.â€
Anisa tersenyum samar di balik cadar. Memang, inilah tujuannyaâ€”memasang wajah sedih di depan Ibu Sulastri. Ia berharap akan ditempatkan di rumah besar Abraham agar bisa dekat dengan Reyhan.
Dan rupanya, rencana awal itu berjalan sesuai harapan.
â€œKenapa kamu cuma melamun? Namamu Aisyah, kan?â€ tanya Laura sinis.
â€œIya, Mbak.â€
â€œKamu memikirkan soal gaji? Tenang saja! Tinggal sebutkan jumlahnya. Asal kamu bisa menjaga Reyhan dengan baik, maka kami akan mempertimbangkan berapa pun gaji yang kamu minta. Aku benar-benar tidak sanggup mengurus Rey. Dia bikin pusing kepala.â€
â€œMengenai gaji, aku minta selayaknya saja, Mbak. Asalkan aku bisa kirim uang untuk keluarga di kampung.""
Laura tersenyum. Tatapannya melirik ke arah Abraham yang tampak puas.
â€œKamu setuju jadi pengasuh Reyhan?â€ tanya Ibu Sulastri.
â€œTentu saja, Bu. Reyhan bayi yang menggemaskan. Lagipula, kalau aku terus menganggur, bukankah aku hanya akan menjadi beban bagi Mas Cahyono dan Bibi Lilis? Aku bersedia untuk menjadi pengasuh Reyhan.â€
â€œTapi kamu harus tinggal di sini,â€ sela Laura. â€œMenjaga bayi tentu membutuhkan waktu yang panjang.â€
â€œAku bersedia, Mbak.â€
â€œYa sudah kalau begitu, kamu siap-siap saja. Nanti minta Cahyono antar kamu kembali ke rumah ini.â€
â€œBaik, Mbak.â€
Anisa pun bergegas pulang bersama Cahyono dan Bu Lilis. Di perjalanan, ia menyampaikan tawaran Abraham kepada mereka.
â€œAku diminta jadi babysitter untuk menjaga bayiku sendiri,â€ celetuk Anisa lirih. Kata-katanya membuat Bu Lilis langsung menatap sendu.
Sementara Cahyono hanya diam, fokus menyetir, namun dengan raut wajah yang tak jauh berbeda dari sang ibu.
â€œKamu menerima tawarannya, Nis?â€ tanya Bu Lilis pelan.
â€œTentu saja, Bi. Hanya dengan cara ini, aku bisa dekat dengan putraku. Selain itu, aku juga bisa mencari tahu apa yang sebenarnya terjadi di rumah itu. Aku merasa ada yang janggal. Ibu mertua yang dulu begitu menyayangiku, kini seolah tutup mata terhadap hubungan Mas Abraham dan Laura. Atau jangan-jangan, beliau sudah tahu sejak lama. Aneh sekali saat aku melihat tak ada sedikit pun rasa bersalah diwajah mertuaku saat melihat kedekatan pasangan haram itu.""
â€œBibi juga merasa begitu, Nis. Sepertinya memang ada sesuatu yang ditutupi dari hubungan mereka. Mungkin sudah sejak lama ibu mertuamu tahu tentang perselingkuhan Abraham.â€
â€œSemoga saja itu hanya perkiraan kita ya, Bi. Aku tidak bisa membayangkan betapa sakit hatiku jika ibu mertuaku juga terlibat.""
""Amin ... semoga saja.""
Belasan menit kemudian, mereka pun tiba di tujuan.
Anisa segera mengemasi barang-barangnya, dibantu Bu Lilis.
â€œMaaf ya, Nis. Hanya empat pasang baju ini yang bisa kamu bawa. Bibi tidak punya cukup uang untuk membelikan baju baru dengan cadar lengkap. Ini pun bahannya non premium.â€
â€œJangan bicara seperti itu, Bi. Aku jadi sedih. Doakan aku ya. Semoga langkahku dalam mencari keadilan dimudahkan oleh Allah, agar aku bisa membalas semua kebaikan Bibi dan Cahyono.â€
â€œTentu, Nis. Kamu wanita yang salihah. Jika Allah saja berkenan menghidupkanmu dari mati suri, maka pasti Allah juga akan menjaga dan menuntunmu menuju keadilan.â€
Anisa menunduk, matanya basah. Tapi tekadnya terus menyala dan tak akan padam.",Negatif,,
03/07/2025 23:58:25,"Ya, saya bersedia.",capekkkkk sekali deh,Negatif,,
03/07/2025 23:59:42,"Ya, saya bersedia.","ğŸ‘‹ Yakin Mau Lewatin Extra Potongan Belanja Spesial & Diskon Menarik up to 80% untuk Produk Incaranmu di Dekoruma? Yuk Cek Promonya Sekarang ğŸ›’
Keuntungan Belanja di Dekoruma:
ğŸ¤ Gratis Pengembalian jika Barang Tidak Sesuai,
ğŸš› Gratis Ongkir* Se-Indonesia,
ğŸ’³ Belanja Mulai 2 Jt, Bisa Cicilan 0% s.d. 24x
â¤ï¸ Dekoruma - Furniture & Custom Interior",Positif,,
04/07/2025 0:00:44,"Ya, saya bersedia.","Mereka selalu menghina suamiku dan memaksaku bercerai, tapi mereka juga sering menggunakannya tenaga suamiku secara GRATIS! 
Part 1âƒ£
""Dasar b o d o h! Kalau si Riswan sayang, peduli, dan mampu memenuhi segala kebutuhan keluarga, itu baru pantas dipertahanin. Nah, ini ... laki cuma bisa nyaki tin, nggak bisa nyukupin. Kerja pun cuma berkebun, masih saja disayang-sayang. Kamu itu dulu di sekolahin orang tua, bukan makin pintar, malah otakmu semakin tumpul!"" sentak Bapak, dengan penuh emosi.
""Bang Riswan sayang, Pak, dengan Risma,"" jawabku."" Bang Riswan juga tidak pernah me nyak iti hati Risma."" Sembari terus memo tong daun kangkung.
""Dengan hidup susah bersamanya, itu sudah nyak itin, Risma!"" ben tak Bapak lagi. 
""Kamu lihat tuh, hidup kedua kakak dan adik-adikmu. Mereka terlihat senang, gak hidup susah macam kamu. Kamu memang nggak sa kit, hidup susah terus,"" sin dir bapak. Aku tertunduk diam saja, tidak lagi memban tah. 
""Sudahlah, Pak, jangan me ngo meli Risma terus, dia pun tentunya tidak mau hidup susah, mungkin sudah jalan hidupnya Pak,"" jelas Emak, sembari meminta daun kangkung yang baru selesai kupo tong-po tong.
""Makanya, dari pada dia hidup susah terus, lebih baik dia c e r a i saja sama si Riswan!"" sen tak Bapak. 
""Tidak boleh bicara seperti itu, Pak,"" ser gah Emak. ""Bapak memang kepingin cucu-cucu bapak tinggal terpisah sama ayahnya?"" 
""Aku lebih rela an ak si Risma jadi ya tim, atau nggak punya Bapak, dari pada punya Bapak nggak gu na macam si Riswan itu!"" sen tak nya lagi. Aku langsung bangkit berdiri, meninggalkan ruang tamu untuk menuju dapur.
""Lihat itu si Risma, dinasehati yang benar malah pergi menghindar, hanya dia itu yang punya men tal susah, makanya dia betah hidup blangsak terus.""
""Sudah, Pak, sudah ....""
""Ucapan bapakmu jangan diambil hati ya, Ris,"" ucap Emak lembut, sembari mengusap-usap bahuku.
""I-iya, Mak,"" jawabku, sembari mengusap air mata. Emak seperti menarik napas dalam.
""Kalau Kang Darman mau datang ke sini, kesempatan ini buat an ak Teh Risma. Yuli dan Neti, buat makan enak,"" sin dir Ela adik yang tepat di bawahku, sembari mencomot tempe yang baru digoreng Emak, dan langsung memakannya. 
Yuli dan Neti, dua an ak ku yang berusia lima dan empat tahun, memang selalu diperlakukan beda, terutama oleh Bapak, kakeknya sendiri. Selalu diperlakukan tidak adil dibandingkan dengan cucu-cucunya yang lain.
""Nanti jika sudah selesai, jangan semua-mua serba dibungkus buat di bawa pulang Teh Risma, macam orang kelap aran saja,"" nyiny irnya lagi.
'Ya, Allah' bisikku lirih dalam hati, selalu diam dan terus berusaha sabar..
Tidak beberapa lama, Bapak dan ketiga saudaraku masuk ke dapur, yang berukuran cukup luas disaat aku masih memarut dan Emak sedang mengulek sambal. Firasatku sudah tidak enak. Karena biasanya jika mereka berkumpul seperti ini, maka aku yang pasti jadi sasaran bul ly-an mereka.
""Orang mah Teh Risma, di saat saudara-saudara lagi ngumpul begini, suami Teteh harusnya ikut, jangan nggak mau ak ur sama keluarga, bantu-bantu kek, jangan nanti datang dengan an ak-an ak, pas waktunya makan doang,"" sin dir Samsiah, adik bungsuku. Aku hanya bisa menarik napas dalam. Rasa sesak mengg anjal.
""Si Riswan itu macam tidak tahu diri, hidup susah saja bert ingkah, dengan saudara nggak mau ngumpul bareng,"" celetuk bapak. "" Lihat tuh Risma, saudara-saudaramu yang lain, suami-suami dan istrinya ngumpul semua.""
""An ak-an ak Risma belum pada bangun Pak, masa mau ditinggal,"" sanggahku pelan.
""Iya, nanti pas bangun saat masakan sudah matang!"" sin dir Ela ket us.
""Langsung deh, comot makanan sana-sini,"" sambung Samsiah.
'Astaqfirullah' bisik hatiku, sedih. Kenapa an ak-an akku ikut dibawa-bawa? 
""Memangnya kenapa itu Risma, si Riswan macam nggak mau ak ur sama keluarga? Orang mah Risma, kasih tahu itu sama si Riswan, jika hidup susah itu jangan bel agu, jadi saudara nggak ragu-ragu buat bantu."" Kang Amran sekarang yang bicara. Aku yang sedari tadi bicara hanya karena menjawab pertanyaan, merasa tidak tahan juga untuk tidak ikut bicara.
""Risma mau tanya sama semua, memangnya walaupun hidup Risma susah, Risma pernah meminta-minta bantuan sama Kang Amran, Ella, dan kamu Samsiah,"" ucapku membela diri.
Sesaat mereka semua terdiam.
""Nah, itulah, karena suamimu si Riswan nggak mau ak ur sama keluarga, bikin kita jadi males buat kasih bantuan,"" sang gah Kang Amran.
""Iya, jadi ikut-ikutan mal as, ngasih jajan buat an ak-an aknya, karena bapaknya songo ng, sudah susah belagu lagi,"" lanjut Samsiah. Ta jam sekali mul utnya kedua adikku ini.
Mereka bilang suamiku juga tidak mau ak ur dengan mereka semua.
Ucapan mereka tidak benar sama sekali, dan aku sering menyaksikan sendiri, betapa suamiku itu selalu jadi bahan cel aan dan hin aan jika kami sedang berkumpul bersama. Padahal tidak pernah kulihat Bang Riswan melakukan perbuatan yang merug ikan ataupun membuat m alu saudara-saudaraku.
Suamiku itu terlalu sabar, makanya sering sekali di ren dah kan. Terkadang aku suka ger am juga dengan sabarnya yang keterlaluan.
Aku ingin sekali-kali dia membela dirinya saat sedang dihin akan saudara-saudaraku.
""Bang Riswan itu sebenarnya sal ah apa? Kenapa kalian semua sangat membe nci suami Risma?"" tanyaku dengan suara bergetar. Aku sudah tidak sanggup lagi untuk bersabar.
""Apa karena suamiku mis kin, makanya kalian sangat memben ci Bang Riswan! Kami tidak pernah menyu sahkan walaupun hidup kami sus ah, kenapa sih kalian tidak mengurusi kehidupan rumah tangga sendiri saja, tanpa harus mengu sik kemi skin an keluarga kami.""
Mataku mulai tergenangi air bening.
""Sudah Risma, jangan ikutin em osi, tidak baik berten gkar dengan saudara sendiri,"" bisik Emak, menasehati, sambil mengusap-usap punggungku.
""Memang si Risma ini sudah dirac un sama si Riswan, makanya dia sendiripun sekarang tidak mau ak ur sama saudara,"" sin dir Bapak, matanya melo tot, wajahnya memerah.
""Orang mah mikir Risma, suami itu ada bekasnya, jika saudara mana ada bekasnya,"" sin dir Kang Amran. 
Baru saja aku ingin membalas ucapan Bapak dan Kang Amran, Emak memberi tanda kepadaku untuk tidak meladeni dan mendiamkan saja, tidak usah diperpanjang, apa lagi jadi bahan perdebatan dengan saudara sendiri. Aku langsung menahan diri, dan kembali terdiam.
'Apa aku salah, membela h a r g a diri suamiku' keluh batinku. Sembari menangis terdiam, kulanjutkan memarut kelapa
Sementara mereka terus saja membicarakan ke je le kan suamiku, sambung menyambung.
Dibilang tidak mau akur, tidak mau bantu-bantu kerja, padahal sedari pagi aku sibuk berdua Emak, tidak saudaraku tidak juga pasangannya hanya sibuk mengobrol saja, dan menghabiskan jajanan pasar yang tadi kubeli di pasar bersama emak.
""Assalamualaikum."" Sayup-sayup dari dalam dapur aku mendengar suara ucapan salam, dari arah depan rumah, dan itu suara suamiku, Bang Riswan.
Bersambung... 
Selengkapnya di KBM app
Judul : AHLI WARIS
Penulis: Herman Suhardiman",Negatif,,
04/07/2025 0:01:31,"Ya, saya bersedia.","Tonton <Chainsaw Man - The Movie:
Reze Arc> segera hadir secara eksklusif di CGV!
#ChainsawManMovie #SemuaSerudiCGV",Netral,,
04/07/2025 0:02:19,"Ya, saya bersedia.","Teman FB mampir yuk ke seblak mamah bibilğŸ”¥ lokasi ada d gogle maps yahğŸ˜Š
Boleh di cek testi2 d gambar ini ya sayangâ¤ï¸
Aku ga aktif lagi di FB yg mau kontak ku boleh d inbok yah aku sering update di wa ajağŸ¤­",Positif,,
04/07/2025 0:03:04,"Ya, saya bersedia.","Pagi yg cerah 
Semoga secerah keberkahan yg hadir
#kainbludru #kebayabludru #gaunbludru #fashin #sewing #fbproo
#menjahit #penjahit #haskar #haskarsederhana",Netral,,
04/07/2025 0:03:52,"Ya, saya bersedia.","ğŸ“£ Ready Stock Steamer Rice BWE!
ğŸ”¥ Tersedia 2 pilihan: 12 Tray & 24 Tray
ğŸ› ï¸ Cocok untuk:
âœ”ï¸ Usaha kuliner
âœ”ï¸ Resto & katering
âœ”ï¸ Dapur makan bergizi gratis / dapur sosial ğŸ™Œ
ğŸ“ Gudang di Jakarta
ğŸ“¦ Bisa kirim ke luar kota!
ğŸ’¥ Kuat â€“ Efisien â€“ Hemat tenaga & waktu
âœ¨ Solusi praktis untuk masak nasi dalam jumlah besar, cepat & merata!
ğŸ’š Dukung kegiatan sosial & penyediaan makanan sehat untuk banyak orang!
ğŸ“² Hubungi Rani - 081280991290
atau langsung DM kami!
#SteamerNasi #BWE12Tray #BWE24Tray #DapurUsaha #DapurSosial #MakanBergiziGratis #PeralatanDapur #SteamerJakarta",Netral,,
04/07/2025 0:08:14,"Ya, saya bersedia.","MashaAllah ğŸ‚ Allahummabariklaha ğŸ’œ 
à¦†à¦®à¦¾à¦° à¦›à§‹à¦Ÿà§à¦Ÿ à¦‡à¦¨à¦¾ à¦¬à¦¡à¦¼ à¦¹à¦šà§à¦›à§‡ à¥¤à¥¤ à¦¸à¦¬à¦¾à¦‡ à¦¦à§‹à¦¯à¦¼à¦¾ à¦•à¦°à¦¬à§‡à¦¨ à¥¤à¥¤à¥¤
#everyonefollowers #love #picoftheday #photooftheday #momslove
MashaAllah ğŸ‚ Semoga Allah memberkahi kamu ğŸ’œ
Ina kecilku sudah tumbuh dewasa.. Semuanya mohon doanya.
#everyonefollowers #love #picoftheday #photooftheday #momslove",Positif,,
04/07/2025 0:09:43,"Ya, saya bersedia.","China recently approved a protein, the Yarrowia lipolytica yeast protein, which is converted from CO2 by bio-fermentation technology, as a new feed material, providing a new solution for solving the shortage of feed protein resources and promoting green and low-carbon development.
Cina baru-baru ini menyetujui protein, protein ragi Yarrowia lipolytica, yang dikonversi dari CO2 oleh teknologi bio-fermentasi, sebagai bahan pakan baru, memberikan solusi baru untuk memecahkan kekurangan sumber daya protein pakan dan mempromosikan pengembangan hijau dan rendah karbon.",Netral,,
04/07/2025 0:11:00,"Ya, saya bersedia.","Only the BEST cake for this Birthday Star! â­ Happy 5th birthday, Bryan! ğŸ‚ğŸ‰
ğŸ“¸IG nailsby_dunia
Hanya kue TERBAIK untuk Bintang Ulang Tahun ini! â­ Selamat ulang tahun ke-5 Bryan! ğŸ‚ğŸ‰
ğŸ“¸IG nailsby_dunia",Positif,,
04/07/2025 0:11:51,"Ya, saya bersedia.","Selalu belajar mengedit edit biar maksimal fotonya 
#kontenkreatorpenjahit",Positif,,
04/07/2025 0:15:40,"Ya, saya bersedia.","Bagi Yang masih nyimpen u4ng ini thun 90-2000 auto jadi sultan dadakan , harga 1 u4ng ini bisa kebeli rumah mobil dan rumah ğŸ˜± yang punya u4ng ini jual disini bun mmpung laku mahal cekk disini
harganya klik ğŸ‘‡ğŸ‘‡ 
https://s.shopee.co.id/3q2qNaggU4
https://s.shopee.co.id/3q2qNaggU4",Netral,,
04/07/2025 0:16:58,"Ya, saya bersedia.",Aziza & Azzam,Netral,,
04/07/2025 5:06:49,"Ya, saya bersedia.","Are you ready for it? The 318,000-square-meter LEGOLAND Shanghai Resort will officially open on July 5 in Shanghai's Jinshan District, E China.
Apakah kamu siap untuk itu? LEGOLAND Shanghai Resort seluas 315.000 meter persegi akan secara resmi dibuka pada 5 Juli di Distrik Jinshan Shanghai, E China.",Netral,,
04/07/2025 5:08:57,"Ya, saya bersedia.","Buah pir memiliki banyak manfaat bagi kesehatan, antara lain melancarkan pencernaan, meningkatkan daya tahan tubuh, membantu menjaga berat badan, meningkatkan kesehatan kulit, dan mengurangi risiko penyakit jantung dan diabetes tipe 2.",Positif,,
04/07/2025 5:11:03,"Ya, saya bersedia.","Pengadaan biji-bijian musim panas Cina telah memasuki musim puncaknya, dengan pembelian terkumpul melebihi 50 juta ton secara nasional, tingkat yang relatif tinggi selama beberapa tahun terakhir, Administrasi Makanan dan Cadangan Strategi Nasional mengatakan pada hari Kamis.",Netral,,
04/07/2025 5:12:02,"Ya, saya bersedia.","
Untukmu pejuang tahajjud. Semoga Allah kabulkan hajat dan keinginanmu. Aamiin",Positif,,
04/07/2025 5:14:10,"Ya, saya bersedia.","Semua Terharu ! Akhirnya Luna Maya Ungkap kabar bahagia Kehamilannya Hari ini, Maxime Beri Surprise Perhiasan Untuk Luna yang baru saja Hamil ! Netizen Dibuat Melongo â€",Positif,,
04/07/2025 5:15:17,"Ya, saya bersedia.",Potret Beberapa selebriti bersama keluarga dan kerabatan tercinta ğŸ˜ğŸ¥° â€,Positif,,
04/07/2025 5:21:04,"Ya, saya bersedia.",Senang bisa membantu Ilyas Ilyasa Emak Real menjangkau 1.500.000 pengikut,Positif,,
04/07/2025 5:22:12,"Ya, saya bersedia.",Dengan Bule Putra Selzu â€“ Saya baru saja diakui sebagai salah satu penggemarnya yang sedang naik daun! ğŸ‰,Positif,,
04/07/2025 5:24:48,"Ya, saya bersedia.",Saran dong KK pemilihan produk yg bagus untuk pemula ğŸ˜,Positif,,
04/07/2025 5:27:42,"Ya, saya bersedia.","Seharusnya Transfer sih yaa kalau Setting spray nya ga bagus buat lock makeuppğŸ«£
Tapi karna Setting spray yang aku ini emg nozzle nya halus! spray nyaa bener-bener sampe semuka"" kenaağŸ˜™, jadii udah pasti MAKEUP LOCK-MAKEUP NGESET NYA SEMPURNA BANGET DI MUKAğŸ«µğŸ»â€¼ï¸ğŸ¤ªğŸ’—
GAK ADA TRANSFER SAMA SEKALIğŸ‘€",Positif,,
04/07/2025 5:32:25,"Ya, saya bersedia.","Absennn yang kebagian Diskon 10rb hari ini dan dapetin harga dibawah 100ribuğŸ™‹ğŸ»â€â™€ï¸ğŸ¤©
Yang udah ngeranjangin, jangan sampe telat checkoutnya ya karena voucher diskonnya super terbatas! ğŸ¤—
Donâ€™t ever skip blackğŸ«µğŸ»ğŸ‘€
Warna yang harus bin wajib ada di lemari! Your first choice for everyday wear ğŸ˜
MUMPUNG MASIH BERLAKU, YUK LANGSUNH CHECKOUT! 
ğŸ’¸DISKON / POTONGAN 10K untuk 20 orang tercepat di hari launching! 
ğŸ’¸Bisa dapat harga lebih hemat via Shopee Live
ğŸ’¸Gratis Ongkir ke seluruh Indonesia
âœ”ï¸Harga PROMO LAUNCHING
âœ”ï¸Diskon 10ribu
#outfitsyari
#ootdsyari
#ootdhijab
#hijabsyari
#frenchkhimarjersey",Positif,,
07/07/2025 23:39:33,"Ya, saya bersedia.",Saya merasa tertekan dengan semua tuntutan ini.,Negatif,,
07/07/2025 23:40:14,"Ya, saya bersedia.",Hari-hari belakangan ini sangat menyesakkan.,Negatif,,
07/07/2025 23:41:01,"Ya, saya bersedia.",Mereka selalu meremehkan kondisiku.,Negatif,,
07/07/2025 23:42:02,"Ya, saya bersedia.",Pikiran ini membuatku merasa sakit secara mental.,Negatif,,
07/07/2025 23:42:52,"Ya, saya bersedia.",Aku sering merasa galau dan tidak tenang.,Negatif,,
07/07/2025 23:43:30,"Ya, saya bersedia.",Aku terlalu malu untuk cerita ke siapa pun.,Negatif,,
07/07/2025 23:44:05,"Ya, saya bersedia.",Setiap hari terasa berat dan penuh beban.,Negatif,,
07/07/2025 23:44:43,"Ya, saya bersedia.",Tidak bisa tidur membuatku merasa semakin kacau.,Negatif,,
07/07/2025 23:52:18,"Ya, saya bersedia.",Aku merasa terjebak dalam pikiran negatifku sendiri.,Negatif,,
07/07/2025 23:52:57,"Ya, saya bersedia.","Setiap hari terasa hampa dan tidak berarti.

",Negatif,,
07/07/2025 23:53:27,"Ya, saya bersedia.","Aku merasa gagal menjadi seseorang yang baik.

",Negatif,,
07/07/2025 23:54:05,"Ya, saya bersedia.",Semua ini membuatku stres berat dan tidak sanggup berpikir jernih.,Negatif,,
07/07/2025 23:54:45,"Ya, saya bersedia.",Aku sering menangis diam-diam karena tidak tahu harus bagaimana.,Negatif,,
07/07/2025 23:55:38,"Ya, saya bersedia.",Aku merasa tak ada yang peduli padaku.,Negatif,,
07/07/2025 23:56:21,"Ya, saya bersedia.",Kecemasan ini membuatku sulit beraktivitas.,Negatif,,
07/07/2025 23:56:50,"Ya, saya bersedia.",Aku merasa disalahpahami oleh orang-orang di sekitarku.,Negatif,,
07/07/2025 23:57:36,"Ya, saya bersedia.","Pikiran negatif ini menguasai hidupku.

",Negatif,,
07/07/2025 23:58:26,"Ya, saya bersedia.",Bahkan hal kecil bisa membuatku merasa terluka secara emosional.,Negatif,,
07/07/2025 23:59:07,"Ya, saya bersedia.",Aku merasa seperti beban bagi orang lain.,Negatif,,
07/07/2025 23:59:59,"Ya, saya bersedia.",Mereka menganggap remeh kesehatan mentalku.,Negatif,,
08/07/2025 0:00:37,"Ya, saya bersedia.",Rasanya seperti berjuang sendirian dalam kegelapan.,Negatif,,
08/07/2025 0:29:29,"Ya, saya bersedia.",Hari ini aku merasa tenang dan bersyukur atas segala hal kecil,Positif,,
08/07/2025 0:30:28,"Ya, saya bersedia.",Aku percaya diri menghadapi tantangan yang ada.,Positif,,
08/07/2025 0:31:32,"Ya, saya bersedia.","Hidupku memang tidak sempurna, tapi aku tetap bersemangat.",Positif,,
08/07/2025 0:32:20,"Ya, saya bersedia.",Aku sedang belajar menjadi lebih sabar setiap harinya.,Positif,,
08/07/2025 0:32:58,"Ya, saya bersedia.",Aku pantas mendapatkan kebahagiaan dan ketenangan.,Positif,,
08/07/2025 0:33:38,"Ya, saya bersedia.","Aku berhak mencintai diriku sendiri tanpa rasa bersalah.

",Positif,,
08/07/2025 0:34:19,"Ya, saya bersedia.",Hari ini adalah kesempatan baru untuk bertumbuh.,Positif,,
08/07/2025 0:35:30,"Ya, saya bersedia.",Aku memilih untuk fokus pada hal-hal baik dalam hidupku.,Positif,,
08/07/2025 0:36:08,"Ya, saya bersedia.",Aku merasa dikelilingi oleh cinta dan dukungan.,Positif,,
08/07/2025 0:36:59,"Ya, saya bersedia.",Aku sedang berproses menjadi versi terbaik diriku.,Positif,,
08/07/2025 0:37:36,"Ya, saya bersedia.","Setiap hari aku menjadi lebih kuat dan bijak.

",Positif,,
08/07/2025 0:38:13,"Ya, saya bersedia.",Aku menerima diriku apa adanya dengan penuh cinta.,Positif,,
08/07/2025 0:38:54,"Ya, saya bersedia.",Aku merasa aman dan nyaman dengan pikiranku sendiri.,Positif,,
08/07/2025 0:39:47,"Ya, saya bersedia.","Aku berharga, tak peduli apa kata orang lain.",Positif,,
08/07/2025 0:40:37,"Ya, saya bersedia.",Aku berterima kasih atas tubuh dan pikiranku yang bertahan sejauh ini.,Positif,,
08/07/2025 0:41:24,"Ya, saya bersedia.","Aku bisa mengatasi rasa takutku, perlahan tapi pasti.",Positif,,
08/07/2025 0:42:01,"Ya, saya bersedia.",Aku terus belajar untuk memahami dan menghargai diriku.,Positif,,
08/07/2025 0:42:37,"Ya, saya bersedia.",Aku adalah orang yang berani meminta bantuan saat dibutuhkan.,Positif,,
08/07/2025 0:43:14,"Ya, saya bersedia.",Hari ini aku memilih untuk berdamai dengan masa lalu.,Positif,,
08/07/2025 0:43:50,"Ya, saya bersedia.",Aku pantas mendapatkan istirahat dan ketenangan pikiran.,Positif,,
08/07/2025 0:44:25,"Ya, saya bersedia.",Aku mampu menghadapi hari ini dengan penuh harapan.,Positif,,
08/07/2025 0:45:29,"Ya, saya bersedia.",Aku bersyukur masih diberi kesempatan untuk berubah.,Positif,,
08/07/2025 0:46:35,"Ya, saya bersedia.","Aku tidak sendirian, selalu ada harapan.",Positif,,
08/07/2025 0:47:01,"Ya, saya bersedia.","Aku layak untuk dicintai dan mencintai.
",Positif,,
08/07/2025 0:47:37,"Ya, saya bersedia.",Aku bangga pada diriku karena sudah bertahan sejauh ini.,Positif,,
08/07/2025 0:48:16,"Ya, saya bersedia.",Aku memiliki potensi besar yang belum sepenuhnya terlihat.,Positif,,
08/07/2025 0:48:56,"Ya, saya bersedia.",Aku sedang dalam perjalanan menuju kesehatan mental yang lebih baik.,Positif,,
08/07/2025 0:49:38,"Ya, saya bersedia.",Aku memaafkan diriku atas semua kesalahan masa lalu.,Positif,,
08/07/2025 0:50:18,"Ya, saya bersedia.",Setiap napas yang kuambil adalah tanda bahwa aku masih berjuang.,Positif,,
08/07/2025 0:50:54,"Ya, saya bersedia.",Setiap napas yang kuambil adalah tanda bahwa aku masih berjuang.,Positif,,
08/07/2025 0:51:38,"Ya, saya bersedia.","Aku bangkit setiap kali jatuh, itu yang membuatku kuat.

",Positif,,
08/07/2025 0:53:02,"Ya, saya bersedia.","Aku berhak merasa bahagia, tak peduli apa yang terjadi kemarin.",Positif,,
08/07/2025 0:54:00,"Ya, saya bersedia.",Aku menerima semua emosiku dengan penuh kesadaran.,Positif,,
08/07/2025 0:55:01,"Ya, saya bersedia.","Aku memilih untuk mencintai hidupku, satu langkah dalam satu waktu.",Positif,,
08/07/2025 0:56:30,"Ya, saya bersedia.",Saya mencatat beberapa hal yang harus dilakukan besok.,Netral,,
08/07/2025 0:57:14,"Ya, saya bersedia.",Saya mencoba menulis jurnal harian setiap malam.,Netral,,
08/07/2025 0:58:15,"Ya, saya bersedia.",Aktivitas saya hari ini cukup padat dengan pekerjaan.,Netral,,
08/07/2025 0:59:10,"Ya, saya bersedia.",Saya menonton film dokumenter tentang kehidupan remaja.,Netral,,Laki - laki
08/07/2025 1:00:07,"Ya, saya bersedia.",Saat ini saya sedang berada di ruang tamu.,Netral,,
08/07/2025 1:00:45,"Ya, saya bersedia.","Saya mencatat beberapa hal yang harus dilakukan besok.

",Netral,,
08/07/2025 5:59:20,"Ya, saya bersedia.",aku capek sekalii,Negatif,,
08/07/2025 6:00:04,"Ya, saya bersedia.",sangat capekkk rasasanya mau mati saja,Negatif,,
08/07/2025 6:01:10,"Ya, saya bersedia.",Sedang di rumah sambil mendengarkan musik.,Netral,,
08/07/2025 6:01:45,"Ya, saya bersedia.",Hari ini aku banyak mengerjakan tugas.,Netral,,
08/07/2025 6:02:18,"Ya, saya bersedia.",Baru saja selesai membaca buku.,Netral,,
08/07/2025 6:02:53,"Ya, saya bersedia.",Cuaca cukup cerah dari pagi sampai sore.,Netral,,
08/07/2025 6:03:31,"Ya, saya bersedia.","Hari ini tidak banyak aktivitas, hanya istirahat.

",Netral,,
08/07/2025 6:04:03,"Ya, saya bersedia.","Lagi nonton video dokumenter di YouTube.

",Netral,,
08/07/2025 6:04:38,"Ya, saya bersedia.",Bangun agak siang karena semalam tidur larut.,Netral,,
08/07/2025 6:05:13,"Ya, saya bersedia.","Lagi coba resep baru, semoga enak.",Netral,,
08/07/2025 6:05:48,"Ya, saya bersedia.",Hari ini jadwalnya cukup padat.,Netral,,
08/07/2025 6:06:25,"Ya, saya bersedia.",Sedang menunggu antrean di klinik.,Netral,,
08/07/2025 6:07:08,"Ya, saya bersedia.",Mencoba fokus menyelesaikan beberapa pekerjaan.,Netral,,
08/07/2025 6:07:44,"Ya, saya bersedia.","Hari ini biasa saja, tidak ada yang istimewa.

",Netral,,
08/07/2025 6:08:30,"Ya, saya bersedia.","""Aku bangga pada diriku karena sudah mampu melalui hari-hari yang sulit dengan tegar.""",Positif,,
08/07/2025 6:11:08,"Ya, saya bersedia.",Aku merasa lebih tenang setelah bercerita pada sahabatku.,Positif,,
08/07/2025 6:12:00,"Ya, saya bersedia.",Hari ini aku berhasil menyelesaikan semua tugas tepat waktu.,Positif,,
08/07/2025 6:12:36,"Ya, saya bersedia.",Aku bersyukur masih diberi kesehatan dan kesempatan.,Positif,,
08/07/2025 6:13:14,"Ya, saya bersedia.",Setiap hari aku belajar untuk mencintai diriku sendiri.,Positif,,
08/07/2025 6:13:46,"Ya, saya bersedia.",Aku bangga bisa tetap bertahan walau dalam tekanan.,Positif,,
08/07/2025 6:14:22,"Ya, saya bersedia.",Hari ini berjalan lancar dan penuh semangat.,Positif,,
08/07/2025 6:14:57,"Ya, saya bersedia.","Aku yakin semua ini akan membaik seiring waktu.

",Positif,,
08/07/2025 6:15:32,"Ya, saya bersedia.",Aku merasa dicintai dan didukung oleh orang-orang terdekatku.,Positif,,
08/07/2025 6:16:06,"Ya, saya bersedia.",Aku merasa sangat lelah dan kehilangan motivasi.,Negatif,,
08/07/2025 6:16:39,"Ya, saya bersedia.",Hari ini benar-benar membuatku tertekan.,Negatif,,
08/07/2025 6:17:12,"Ya, saya bersedia.",Tidak ada yang peduli dengan perasaanku.,Negatif,,
08/07/2025 6:17:50,"Ya, saya bersedia.",Aku merasa gagal dalam banyak hal.,Negatif,,
08/07/2025 6:18:27,"Ya, saya bersedia.",Aku sulit tidur karena pikiran yang kacau.,Negatif,,
08/07/2025 6:19:01,"Ya, saya bersedia.",Aku benci merasa seperti ini setiap hari.,Negatif,,
08/07/2025 6:19:35,"Ya, saya bersedia.",Rasanya hidup ini tidak adil.,Negatif,,
08/07/2025 6:20:38,"Ya, saya bersedia.",Aku merasa tidak berguna dan tidak diinginkan.,Negatif,,
08/07/2025 6:21:19,"Ya, saya bersedia.","Saat ini saya sedang berada di kampus.

",Netral,,
08/07/2025 6:21:54,"Ya, saya bersedia.",Saya sedang belajar untuk ujian minggu depan.,Netral,,
08/07/2025 6:22:31,"Ya, saya bersedia.",Jadwal hari ini cukup padat dengan pertemuan daring.,Netral,,
08/07/2025 6:23:02,"Ya, saya bersedia.",Saya makan siang bersama keluarga.,Netral,,
08/07/2025 6:23:42,"Ya, saya bersedia.",Cuaca hari ini mendung sejak siang.,Netral,,
08/07/2025 6:24:19,"Ya, saya bersedia.",Saya sedang membaca buku tentang psikologi.,Netral,,
08/07/2025 6:24:53,"Ya, saya bersedia.",Hari ini saya hanya menghabiskan waktu di rumah.,Netral,,
08/07/2025 6:25:26,"Ya, saya bersedia.","Saya bangun pukul enam pagi seperti biasa.

",Netral,,